gas_line_gz1,gas_line_gz2,gas_line_predet_build_year,gas_line_predet_cap,gas_line_removed_cap,gas_line_total_cap
AL,FL,1990,1021445,0,1021445
AL,FL,1994,124440,0,1145885
AL,FL,1995,554795,0,1700680
AL,FL,1998,25925,0,1726605
AL,FL,2001,207400,0,1934005
AL,FL,2002,1480836,0,3414841
AL,FL,2003,260287,0,3675128
AL,FL,2008,160735,0,3835863
AL,FL,2010,49776,0,3885639
AL,FL,2011,1014186,0,4899825
AL,FL,2012,41480,0,4941305
AL,FL,2022,98515,0,5039820
AL,GA,1990,5052264,0,5052264
AL,GA,1994,90219,0,5142483
AL,GA,1995,119255,0,5261738
AL,GA,1996,57035,0,5318773
AL,GA,1997,150365,0,5469138
AL,GA,1998,157624,0,5626762
AL,GA,2000,207400,0,5834162
AL,GA,2001,17629,0,5851791
AL,GA,2002,487390,0,6339181
AL,GA,2003,674050,0,7013231
AL,GA,2004,198067,0,7211298
AL,GA,2010,129625,0,7340923
AL,GA,2011,227103,0,7568026
AL,GA,2012,228140,0,7796166
AL,GA,2017,860710,0,8656876
AL,GA,2022,537166,0,9194042
AL,MS,1990,155550,0,155550
AL,MS,1994,51850,0,207400
AL,MS,2009,985150,0,1192550
AL,MS,2014,1140700,0,2333250
AL,MS,2015,388875,0,2722125
AL,MS,2016,357765,0,3079890
AL,MS,2017,518500,0,3598390
AL,MS,2022,77775,0,3676165
AL,TN,1990,3887713,0,3887713
AL,TN,1994,346358,0,4234071
AL,TN,2004,59109,0,4293180
AR,LA,1990,732122,0,732122
AR,LA,2015,777750,0,1509872
AR,LA,2016,786046,0,2295918
AR,LA,2017,2479467,0,4775385
AR,MO,1990,2915007,0,2915007
AR,MO,1994,0,51850,2863157
AR,MO,1996,2074,0,2865231
AR,MO,1997,0,2074,2863157
AR,MS,1990,8822796,0,8822796
AR,MS,1994,198067,0,9020863
AR,MS,2000,0,264435,8756428
AR,MS,2009,1002779,0,9759207
AR,MS,2010,2074000,0,11833207
AR,OK,1990,20740,0,20740
AR,TX,1990,658495,0,658495
AR,TX,1994,119255,0,777750
AR,TX,2022,788120,0,1565870
AZ,CA,1990,3608760,0,3608760
AZ,CA,1994,1394765,0,5003525
AZ,CA,2002,964410,0,5967935
AZ,CA,2005,520574,0,6488509
AZ,CA,2022,530944,0,7019453
AZ,NV,1990,171105,0,171105
CA,AZ,2007,636718,0,636718
CA,AZ,2010,83997,0,720715
CA,NV,1995,111996,0,111996
CA,NV,2002,55998,0,167994
CA,NV,2022,15555,0,183549
CO,KS,1990,435540,0,435540
CO,KS,1994,31110,0,466650
CO,KS,1997,31110,0,497760
CO,KS,2000,89182,0,586942
CO,KS,2004,580720,0,1167662
CO,KS,2005,284138,0,1451800
CO,KS,2007,30073,0,1481873
CO,KS,2008,93330,0,1575203
CO,NE,1990,442799,0,442799
CO,NE,1997,497760,0,940559
CO,NE,2002,335988,0,1276547
CO,NE,2004,64294,0,1340841
CO,NE,2008,1555500,0,2896341
CO,NE,2009,311100,0,3207441
CO,NE,2014,0,264435,2943006
CO,NM,1990,614941,0,614941
CO,NM,1994,402356,0,1017297
CO,NM,1995,54961,0,1072258
CO,NM,1996,255102,0,1327360
CO,NM,1998,145180,0,1472540
CO,NM,1999,311100,0,1783640
CO,NM,2004,282064,0,2065704
CO,OK,1990,207400,0,207400
CO,OK,1994,51850,0,259250
CO,OK,2001,86071,0,345321
CO,OK,2002,49776,0,395097
CO,OK,2005,107848,0,502945
CO,OK,2007,30073,0,533018
CO,UT,1990,428281,0,428281
CO,UT,2010,155550,0,583831
CO,WY,1990,463539,0,463539
CO,WY,1994,309026,0,772565
CO,WY,1997,108885,0,881450
CO,WY,2002,335988,0,1217438
CO,WY,2006,1131367,0,2348805
CO,WY,2007,674050,0,3022855
CO,WY,2008,1555500,0,4578355
CO,WY,2009,311100,0,4889455
CT,MA,1990,82960,0,82960
CT,MA,2022,46665,0,129625
CT,NY,1994,259250,0,259250
CT,NY,1998,36295,0,295545
CT,NY,2002,81923,0,377468
CT,NY,2004,58072,0,435540
CT,NY,2008,103700,0,539240
CT,NY,2009,103700,0,642940
CT,NY,2010,285175,0,928115
CT,RI,1990,689605,0,689605
CT,RI,1994,98515,0,788120
CT,RI,2016,354654,0,1142774
CT,RI,2017,41480,0,1184254
CT,RI,2022,96441,0,1280695
DE,MD,1990,10370,0,10370
DE,MD,1997,5185,0,15555
DE,MD,1998,1037,0,16592
DE,MD,2005,6222,0,22814
DE,MD,2022,14518,0,37332
DE,NJ,1994,146217,0,146217
GA,AL,2015,544425,0,544425
GA,AL,2017,466650,0,1011075
GA,AL,2022,1058777,0,2069852
GA,FL,1990,44591,0,44591
GA,FL,1994,13481,0,58072
GA,FL,2007,368135,0,426207
GA,FL,2016,243695,0,669902
GA,FL,2017,860710,0,1530612
GA,FL,2022,230214,0,1760826
GA,SC,1990,3315289,0,3315289
GA,SC,1994,50813,0,3366102
GA,SC,1995,119255,0,3485357
GA,SC,1996,57035,0,3542392
GA,SC,1997,197030,0,3739422
GA,SC,2002,238510,0,3977932
GA,SC,2003,520574,0,4498506
GA,SC,2004,198067,0,4696573
GA,SC,2011,227103,0,4923676
GA,SC,2012,98515,0,5022191
GA,SC,2022,306952,0,5329143
GA,TN,1990,46665,0,46665
GA,TN,1995,11407,0,58072
GA,TN,1998,98515,0,156587
IA,IL,1990,2878712,0,2878712
IA,IL,1994,119255,0,2997967
IA,IL,1995,51850,0,3049817
IA,IL,1996,22814,0,3072631
IA,IL,1998,808860,0,3881491
IA,IL,2000,1692384,0,5573875
IA,IL,2001,202215,0,5776090
IA,IL,2002,174216,0,5950306
IA,IL,2005,77775,0,6028081
IA,IL,2006,134810,0,6162891
IA,MN,1990,1265140,0,1265140
IA,MN,1994,51850,0,1316990
IA,MN,1996,111996,0,1428986
IA,MN,1997,250954,0,1679940
IA,MN,2002,93330,0,1773270
IA,MN,2007,228140,0,2001410
IA,SD,1990,80886,0,80886
IA,SD,2007,16592,0,97478
ID,NV,1990,124440,0,124440
ID,NV,1994,39406,0,163846
ID,OR,1990,248880,0,248880
ID,OR,1994,14518,0,263398
ID,OR,2003,181475,0,444873
ID,UT,1990,259250,0,259250
ID,UT,1994,49776,0,309026
ID,WA,1990,1515057,0,1515057
ID,WA,1994,849303,0,2364360
ID,WA,1998,76738,0,2441098
ID,WA,2002,214659,0,2655757
IL,IA,1990,77775,0,77775
IL,IN,1990,4490210,0,4490210
IL,IN,1994,246806,0,4737016
IL,IN,1997,138958,0,4875974
IL,IN,1999,114070,0,4990044
IL,IN,2000,746640,0,5736684
IL,IN,2001,787083,0,6523767
IL,IN,2002,653310,0,7177077
IL,IN,2003,251991,0,7429068
IL,IN,2006,134810,0,7563878
IL,IN,2007,254065,0,7817943
IL,IN,2009,1975485,0,9793428
IL,IN,2010,155550,0,9948978
IL,KY,2017,777750,0,777750
IL,MO,1990,837896,0,837896
IL,MO,1994,64294,0,902190
IL,MO,2002,20740,0,922930
IL,MO,2016,2074000,0,2996930
IL,MO,2022,1202920,0,4199850
IL,WI,1990,1657126,0,1657126
IL,WI,1995,39406,0,1696532
IL,WI,1996,22814,0,1719346
IL,WI,1999,154513,0,1873859
IL,WI,2000,197030,0,2070889
IL,WI,2002,777750,0,2848639
IL,WI,2006,44591,0,2893230
IL,WI,2009,556869,0,3450099
IL,WI,2022,292434,0,3742533
IN,IL,1990,2010743,0,2010743
IN,IL,1994,5185,0,2015928
IN,IL,1997,138958,0,2154886
IN,IL,2010,0,155550,1999336
IN,IL,2015,2488800,0,4488136
IN,IL,2016,0,414800,4073336
IN,IL,2017,777750,0,4851086
IN,IL,2022,362950,0,5214036
IN,KY,2002,362950,0,362950
IN,KY,2015,777750,0,1140700
IN,KY,2016,786046,0,1926746
IN,KY,2017,294508,0,2221254
IN,MI,1990,2037705,0,2037705
IN,MI,1994,149328,0,2187033
IN,MI,1997,155550,0,2342583
IN,MI,2000,746640,0,3089223
IN,MI,2002,290360,0,3379583
IN,MI,2007,254065,0,3633648
IN,MI,2009,108885,0,3742533
IN,OH,1990,4766052,0,4766052
IN,OH,1994,149328,0,4915380
IN,OH,1995,259250,0,5174630
IN,OH,1998,316285,0,5490915
IN,OH,2009,1866600,0,7357515
KS,CO,1990,399245,0,399245
KS,MO,1990,2704496,0,2704496
KS,MO,1994,0,27999,2676497
KS,MO,1997,286212,0,2962709
KS,MO,2001,148291,0,3111000
KS,MO,2003,69479,0,3180479
KS,MO,2004,69479,0,3249958
KS,MO,2007,0,51850,3198108
KS,MO,2008,1607350,0,4805458
KS,MO,2009,311100,0,5116558
KS,NE,1990,4728720,0,4728720
KS,NE,1994,0,441762,4286958
KS,NE,1997,50813,0,4337771
KS,NE,2002,93330,0,4431101
KS,NE,2007,33184,0,4464285
KS,OK,1990,591090,0,591090
KS,OK,1994,107848,0,698938
KS,OK,2000,82960,0,781898
KS,OK,2005,107848,0,889746
KS,OK,2007,30073,0,919819
KY,IL,1990,1865563,0,1865563
KY,IL,2001,0,264435,1601128
KY,IN,1990,3617056,0,3617056
KY,IN,1994,74664,0,3691720
KY,IN,2016,55998,0,3747718
KY,OH,1990,4210220,0,4210220
KY,OH,1994,107848,0,4318068
KY,TN,1990,5185,0,5185
KY,TN,1994,25925,0,31110
KY,TN,2002,362950,0,394060
KY,TN,2009,881450,0,1275510
KY,TN,2013,871080,0,2146590
KY,TN,2014,920856,0,3067446
KY,TN,2015,1638460,0,4705906
KY,TN,2016,2848639,0,7554545
KY,TN,2017,2066741,0,9621286
KY,TN,2022,772565,0,10393851
KY,VA,1990,51850,0,51850
KY,WV,1990,2629832,0,2629832
KY,WV,1999,318359,0,2948191
LA,AR,1990,7709058,0,7709058
LA,AR,1994,292434,0,8001492
LA,AR,1997,15555,0,8017047
LA,AR,2000,0,256139,7760908
LA,AR,2001,434503,0,8195411
LA,MS,1990,13440557,0,13440557
LA,MS,1994,520574,0,13961131
LA,MS,1995,386801,0,14347932
LA,MS,1996,160735,0,14508667
LA,MS,1999,320433,0,14829100
LA,MS,2001,295545,0,15124645
LA,MS,2002,238510,0,15363155
LA,MS,2003,470798,0,15833953
LA,MS,2004,54961,0,15888914
LA,MS,2008,2945080,0,18833994
LA,MS,2009,1589721,0,20423715
LA,MS,2010,586942,0,21010657
LA,MS,2011,373320,0,21383977
LA,MS,2015,46665,0,21430642
LA,MS,2022,306952,0,21737594
LA,TX,1990,1235067,0,1235067
LA,TX,1994,78812,0,1313879
LA,TX,2003,3111,0,1316990
LA,TX,2017,1365729,0,2682719
LA,TX,2022,1921561,0,4604280
MA,CT,1990,83997,0,83997
MA,CT,2001,86071,0,170068
MA,NH,1990,97478,0,97478
MA,NH,1994,12444,0,109922
MA,NH,2001,130662,0,240584
MA,NH,2022,877302,0,1117886
MA,RI,1990,29036,0,29036
MA,RI,1994,150365,0,179401
MA,RI,2010,285175,0,464576
MD,DC,1990,41480,0,41480
MD,DC,1994,41480,0,82960
MD,DE,1990,49776,0,49776
MD,DE,1994,6947.9,0,56723.9
MD,DE,1998,2592.5,0,59316.4
MD,DE,2001,12236.6,0,71553
MD,DE,2002,5185,0,76738
MD,DE,2004,4873.9,0,81611.9
MD,DE,2005,19599.3,0,101211.2
MD,DE,2006,27169.4,0,128380.6
MD,DE,2007,10577.4,0,138958
MD,DE,2008,11407,0,150365
MD,DE,2022,63257,0,213622
MD,PA,1990,2498133,0,2498133
MD,PA,1994,204289,0,2702422
MD,PA,2008,725900,0,3428322
MD,VA,1990,227103,0,227103
MD,VA,1995,638792,0,865895
MD,VA,2004,225029,0,1090924
MD,VA,2008,829600,0,1920524
MD,VA,2012,435540,0,2356064
MD,VA,2015,446947,0,2803011
MD,VA,2017,575535,0,3378546
MD,VA,2022,1192550,0,4571096
MD,WV,1990,5185,0,5185
ME,NH,1990,12444,0,12444
ME,NH,1994,19703,0,32147
ME,NH,1999,609756,0,641903
ME,NH,2001,41480,0,683383
ME,NH,2002,184586,0,867969
ME,NH,2003,39406,0,907375
ME,NH,2009,212585,0,1119960
ME,NH,2022,101626,0,1221586
MI,IN,1990,1320101,0,1320101
MI,IN,1994,149328,0,1469429
MI,IN,1997,155550,0,1624979
MI,OH,1990,103700,0,103700
MI,WI,1990,2294881,0,2294881
MI,WI,1994,645014,0,2939895
MI,WI,1998,130662,0,3070557
MI,WI,2006,129625,0,3200182
MN,IA,1990,1146922,0,1146922
MN,IA,1994,486353,0,1633275
MN,IA,1998,699975,0,2333250
MN,IA,2000,1692384,0,4025634
MN,IA,2002,174216,0,4199850
MN,IA,2005,77775,0,4277625
MN,ND,1990,26962,0,26962
MN,ND,1994,38369,0,65331
MN,ND,2009,39406,0,104737
MN,ND,2022,34221,0,138958
MN,WI,1990,2092666,0,2092666
MN,WI,1994,652273,0,2744939
MN,WI,1997,64294,0,2809233
MN,WI,1998,130662,0,2939895
MN,WI,1999,29036,0,2968931
MN,WI,2007,13481,0,2982412
MO,AR,1990,25925,0,25925
MO,AR,2022,788120,0,814045
MO,IA,1990,625311,0,625311
MO,IA,1994,79849,0,705160
MO,IL,1990,4022523,0,4022523
MO,IL,1994,215696,0,4238219
MO,IL,2009,1866600,0,6104819
MS,AL,1990,11289819,0,11289819
MS,AL,1994,573461,0,11863280
MS,AL,1995,496723,0,12360003
MS,AL,1996,57035,0,12417038
MS,AL,1997,150365,0,12567403
MS,AL,2001,82960,0,12650363
MS,AL,2002,692716,0,13343079
MS,AL,2003,910486,0,14253565
MS,AL,2004,173179,0,14426744
MS,AL,2008,3678239,0,18104983
MS,AL,2009,1589721,0,19694704
MS,AL,2011,129625,0,19824329
MS,AL,2012,129625,0,19953954
MS,AL,2014,529907,0,20483861
MS,AL,2015,46665,0,20530526
MS,AL,2022,663680,0,21194206
MS,AR,2015,777750,0,777750
MS,AR,2016,786046,0,1563796
MS,AR,2017,2479467,0,4043263
MS,LA,1990,394060,0,394060
MS,LA,2013,559980,0,954040
MS,LA,2014,570350,0,1524390
MS,LA,2015,838933,0,2363323
MS,LA,2016,579683,0,2943006
MS,LA,2017,2257549,0,5200555
MS,LA,2022,1679940,0,6880495
MS,TN,1990,9792391,0,9792391
MS,TN,1994,311100,0,10103491
MS,TN,1999,318359,0,10421850
MS,TN,2000,243695,0,10665545
MS,TN,2001,0,265472,10400073
MT,ND,1990,1247511,0,1247511
MT,ND,1994,603534,0,1851045
MT,ND,1998,725900,0,2576945
MT,ND,2003,82960,0,2659905
MT,ND,2007,42517,0,2702422
MT,ND,2008,42517,0,2744939
MT,ND,2009,77775,0,2822714
MT,ND,2011,494649,0,3317363
MT,WY,1990,182512,0,182512
MT,WY,1998,61183,0,243695
MT,WY,2000,41480,0,285175
NC,SC,2015,544425,0,544425
NC,SC,2017,466650,0,1011075
NC,SC,2022,1058777,0,2069852
NC,VA,1990,2511614,0,2511614
NC,VA,1994,51850,0,2563464
NC,VA,1995,119255,0,2682719
NC,VA,2002,238510,0,2921229
NC,VA,2004,54961,0,2976190
NC,VA,2007,171105,0,3147295
NC,VA,2022,306952,0,3454247
ND,MN,2000,1692384,0,1692384
ND,MN,2002,174216,0,1866600
ND,MN,2005,77775,0,1944375
ND,MT,1990,236436,0,236436
ND,MT,1994,41480,0,277916
ND,SD,1990,1312842,0,1312842
ND,SD,1994,480131,0,1792973
ND,SD,1998,725900,0,2518873
NE,CO,1990,442280.5,0,442280.5
NE,CO,1994,59109,0,501389.5
NE,CO,1997,373320,0,874709.5
NE,CO,2002,335988,0,1210697.5
NE,CO,2008,1555500,0,2766197.5
NE,CO,2009,311618.5,0,3077816
NE,CO,2014,0,264435,2813381
NE,IA,1990,3322548,0,3322548
NE,IA,2002,93330,0,3415878
NE,IA,2007,8296,0,3424174
NE,KS,1990,41480,0,41480
NE,KS,1997,264435,0,305915
NE,KS,2008,1555500,0,1861415
NE,KS,2009,311100,0,2172515
NE,KS,2014,0,264435,1908080
NE,MO,1990,632570,0,632570
NE,MO,1994,86071,0,718641
NE,SD,1990,129625,0,129625
NH,MA,1999,609756,0,609756
NH,MA,2001,41480,0,651236
NH,MA,2009,212585,0,863821
NH,MA,2022,13481,0,877302
NH,ME,1990,24888,0,24888
NH,ME,1994,39406,0,64294
NH,ME,1999,152439,0,216733
NH,ME,2002,39406,0,256139
NH,ME,2017,60146,0,316285
NH,ME,2022,1092998,0,1409283
NJ,NY,1990,3008337,0,3008337
NJ,NY,1994,159698,0,3168035
NJ,NY,2001,311100,0,3479135
NJ,NY,2002,262361,0,3741496
NJ,NY,2007,103700,0,3845196
NJ,NY,2013,829600,0,4674796
NJ,NY,2014,103700,0,4778496
NJ,NY,2016,354654,0,5133150
NJ,NY,2017,160735,0,5293885
NJ,NY,2022,96441,0,5390326
NJ,PA,1990,1814750,0,1814750
NJ,PA,1994,155550,0,1970300
NJ,PA,2003,21777,0,1992077
NM,AZ,1990,4221627,0,4221627
NM,AZ,1994,1196698,0,5418325
NM,AZ,2000,141032,0,5559357
NM,AZ,2002,328729,0,5888086
NM,AZ,2004,331840,0,6219926
NM,AZ,2011,0,194956,6024970
NM,AZ,2022,437614,0,6462584
NM,CO,2007,259250,0,259250
NM,TX,1990,2192218,0,2192218
NM,TX,1994,282064,0,2474282
NM,TX,2004,10370,0,2484652
NM,TX,2022,1979633,0,4464285
NV,CA,1990,21777,0,21777
NV,CA,1994,735233,0,757010
NV,CA,1997,13481,0,770491
NV,CA,2001,139995,0,910486
NV,CA,2003,933300,0,1843786
NV,CA,2010,150365,0,1994151
NV,CA,2011,275842,0,2269993
NV,OR,2011,1555500,0,1555500
NY,CT,1990,1088850,0,1088850
NY,CT,1994,469761,0,1558611
NY,CT,1995,70516,0,1629127
NY,CT,1998,36295,0,1665422
NY,CT,1999,30073,0,1695495
NY,CT,2000,15555,0,1711050
NY,CT,2001,13481,0,1724531
NY,CT,2002,62220,0,1786751
NY,CT,2004,238510,0,2025261
NY,CT,2008,433466,0,2458727
NY,CT,2016,354654,0,2813381
NY,CT,2017,116144,0,2929525
NY,CT,2022,96441,0,3025966
NY,MA,1990,777750,0,777750
NY,MA,1994,320433,0,1098183
NY,MA,2007,114070,0,1212253
NY,NJ,2010,285175,0,285175
NY,PA,1990,531981,0,531981
NY,PA,1994,141032,0,673013
NY,PA,1997,25925,0,698938
NY,PA,1998,22814,0,721752
NY,PA,2006,505019,0,1226771
NY,PA,2011,337025,0,1563796
OH,IN,1990,485316,0,485316
OH,IN,2015,1824083,0,2309399
OH,IN,2016,1615646,0,3925045
OH,IN,2017,1374025,0,5299070
OH,IN,2022,362950,0,5662020
OH,KY,1990,227103,0,227103
OH,KY,2009,1842749,0,2069852
OH,KY,2015,1270325,0,3340177
OH,KY,2016,371246,0,3711423
OH,KY,2017,688568,0,4399991
OH,MI,1990,1962004,0,1962004
OH,MI,2022,3235440,0,5197444
OH,PA,1990,2221254,0,2221254
OH,WV,1990,2542724,0,2542724
OH,WV,1994,242658,0,2785382
OH,WV,1995,45628,0,2831010
OH,WV,1996,25925,0,2856935
OH,WV,2008,155550,0,3012485
OH,WV,2009,155550,0,3168035
OH,WV,2010,155550,0,3323585
OH,WV,2011,155550,0,3479135
OH,WV,2022,1555500,0,5034635
OK,AR,1990,1910154,0,1910154
OK,AR,1999,165920,0,2076074
OK,AR,2006,25925,0,2101999
OK,AR,2009,136884,0,2238883
OK,CO,1990,207400,0,207400
OK,KS,1990,6323626,0,6323626
OK,KS,1994,0,93330,6230296
OK,KS,2007,0,51850,6178446
OK,KS,2008,51850,0,6230296
OK,MO,1990,48739,0,48739
OK,MO,1999,8296,0,57035
OK,MO,2006,25925,0,82960
OK,TX,1990,2136220,0,2136220
OK,TX,1994,1122034,0,3258254
OK,TX,1999,31110,0,3289364
OK,TX,2001,87108,0,3376472
OK,TX,2005,75701,0,3452173
OK,TX,2009,3379583,0,6831756
OK,TX,2010,311100,0,7142856
OK,TX,2022,414800,0,7557656
OR,CA,1990,1171810,0,1171810
OR,CA,1994,684420,0,1856230
OR,CA,1995,114070,0,1970300
OR,CA,1998,76738,0,2047038
OR,CA,2000,20740,0,2067778
OR,CA,2002,270657,0,2338435
OR,CA,2022,15555,0,2353990
OR,ID,1990,457317,0,457317
OR,ID,1994,31110,0,488427
OR,ID,1995,10370,0,498797
OR,WA,1990,494649,0,494649
OR,WA,1994,186660,0,681309
OR,WA,1999,52887,0,734196
OR,WA,2003,181475,0,915671
PA,DE,1990,257176,0,257176
PA,DE,1994,98515,0,355691
PA,DE,1995,15555,0,371246
PA,DE,1998,5185,0,376431
PA,DE,1999,9333,0,385764
PA,DE,2000,8296,0,394060
PA,DE,2014,254065,0,648125
PA,DE,2015,107848,0,755973
PA,MD,1990,689605,0,689605
PA,MD,1994,178052.9,0,867657.9
PA,MD,1995,96441,0,964098.9
PA,MD,1997,19703,0,983801.9
PA,MD,1998,2592.5,0,986394.4
PA,MD,2000,15555,0,1001949.4
PA,MD,2001,12236.6,0,1014186
PA,MD,2002,5185,0,1019371
PA,MD,2004,229902.9,0,1249273.9
PA,MD,2005,19599.2999999999,0,1268873.2
PA,MD,2006,27169.4,0,1296042.6
PA,MD,2007,10577.4,0,1306620
PA,MD,2008,11407,0,1318027
PA,MD,2012,435540,0,1753567
PA,MD,2015,446947,0,2200514
PA,MD,2016,199104,0,2399618
PA,MD,2017,575535,0,2975153
PA,MD,2022,1411357,0,4386510
PA,NJ,1990,6785091,0,6785091
PA,NJ,1994,506056,0,7291147
PA,NJ,1995,128588,0,7419735
PA,NJ,1996,25925,0,7445660
PA,NJ,1998,16592,0,7462252
PA,NJ,2001,167994,0,7630246
PA,NJ,2002,366061,0,7996307
PA,NJ,2003,50813,0,8047120
PA,NJ,2005,108885,0,8156005
PA,NJ,2006,104737,0,8260742
PA,NJ,2007,259250,0,8519992
PA,NJ,2008,197030,0,8717022
PA,NJ,2009,64294,0,8781316
PA,NJ,2011,362950,0,9144266
PA,NJ,2013,918782,0,10063048
PA,NJ,2014,725900,0,10788948
PA,NJ,2015,167994,0,10956942
PA,NJ,2017,119255,0,11076197
PA,NY,1990,3323585,0,3323585
PA,NY,1994,143106,0,3466691
PA,NY,1997,0,558943,2907748
PA,NY,2006,505019,0,3412767
PA,NY,2011,699975,0,4112742
PA,NY,2012,435540,0,4548282
PA,NY,2015,155550,0,4703832
PA,NY,2017,116144,0,4819976
PA,NY,2022,352580,0,5172556
PA,OH,1990,467687,0,467687
PA,OH,1994,14518,0,482205
PA,OH,2009,1633275,0,2115480
PA,OH,2016,134810,0,2250290
PA,OH,2022,212585,0,2462875
PA,WV,1990,703086,0,703086
PA,WV,1994,0,8296,694790
PA,WV,1997,249917,0,944707
PA,WV,1998,173179,0,1117886
PA,WV,1999,111996,0,1229882
PA,WV,2010,232288,0,1462170
PA,WV,2014,1393728,0,2855898
PA,WV,2015,1929857,0,4785755
PA,WV,2016,373320,0,5159075
PA,WV,2017,664717,0,5823792
PA,WV,2022,2592500,0,8416292
RI,CT,2010,285175,0,285175
RI,MA,1990,689605,0,689605
RI,MA,1994,41480,0,731085
RI,MA,2016,354654,0,1085739
RI,MA,2017,41480,0,1127219
RI,MA,2022,96441,0,1223660
SC,GA,1990,57035,0,57035
SC,GA,2003,139995,0,197030
SC,GA,2015,544425,0,741455
SC,GA,2017,466650,0,1208105
SC,GA,2022,1058777,0,2266882
SC,NC,1990,2885971,0,2885971
SC,NC,1994,50813,0,2936784
SC,NC,1995,119255,0,3056039
SC,NC,1996,57035,0,3113074
SC,NC,1997,150365,0,3263439
SC,NC,2002,238510,0,3501949
SC,NC,2003,271694,0,3773643
SC,NC,2004,54961,0,3828604
SC,NC,2011,227103,0,4055707
SC,NC,2012,98515,0,4154222
SC,NC,2022,306952,0,4461174
SD,IA,1990,20740,0,20740
SD,MN,1990,1278621,0,1278621
SD,MN,1994,458354,0,1736975
SD,MN,1998,725900,0,2462875
SD,ND,1990,20740,0,20740
SD,ND,1994,34221,0,54961
SD,NE,1990,129625,0,129625
SD,WY,1990,46665,0,46665
SD,WY,1998,41480,0,88145
TN,AL,1990,528870,0,528870
TN,AL,1998,21777,0,550647
TN,AL,2009,466650,0,1017297
TN,AL,2014,1140700,0,2157997
TN,AL,2015,388875,0,2546872
TN,AL,2016,357765,0,2904637
TN,AL,2017,832711,0,3737348
TN,AR,1990,25925,0,25925
TN,GA,1990,64294,0,64294
TN,GA,2002,165920,0,230214
TN,KY,1990,14360376,0,14360376
TN,KY,1994,0,1352248,13008128
TN,KY,1999,318359,0,13326487
TN,KY,2001,0,264435,13062052
TN,MS,2013,559980,0,559980
TN,MS,2015,1159366,0,1719346
TN,MS,2016,1206031,0,2925377
TN,MS,2017,3729052,0,6654429
TN,MS,2022,872117,0,7526546
TN,VA,1990,13481,0,13481
TN,VA,1994,2074,0,15555
TN,VA,1996,11407,0,26962
TN,VA,1997,24888,0,51850
TN,VA,2006,20740,0,72590
TX,AR,1990,1919487,0,1919487
TX,AR,1994,229177,0,2148664
TX,AR,2011,116144,0,2264808
TX,LA,1990,6127840.4,0,6127840.4
TX,LA,1994,34117.3000000006,0,6161957.7
TX,LA,1996,147254,0,6309211.7
TX,LA,1997,20740,0,6329951.7
TX,LA,1998,0,202215,6127736.7
TX,LA,1999,347395,0,6475131.7
TX,LA,2000,10370,0,6485501.7
TX,LA,2003,3111,0,6488612.7
TX,LA,2005,82960,0,6571572.7
TX,LA,2006,126514,0,6698086.7
TX,LA,2007,1983781,0,8681867.7
TX,LA,2008,2297992,0,10979859.7
TX,LA,2009,3483283,0,14463142.7
TX,LA,2010,2208810,0,16671952.7
TX,LA,2011,2592396.3,0,19264349
TX,NM,1990,3777791,0,3777791
TX,NM,1994,271694,0,4049485
TX,NM,1996,119255,0,4168740
TX,NM,2002,238510,0,4407250
TX,NM,2004,331840,0,4739090
TX,NM,2022,468724,0,5207814
TX,OK,1990,4471544,0,4471544
TX,OK,1994,170068,0,4641612
TX,OK,1996,20740,0,4662352
TX,OK,2005,25925,0,4688277
TX,OK,2006,20740,0,4709017
UT,CO,1990,241621,0,241621
UT,CO,1994,302804,0,544425
UT,CO,2008,77775,0,622200
UT,CO,2009,127551,0,749751
UT,ID,1990,378505,0,378505
UT,ID,1994,81923,0,460428
UT,ID,2001,20740,0,481168
UT,ID,2003,218807,0,699975
UT,ID,2017,5185,0,705160
UT,NV,1994,803675,0,803675
UT,NV,2001,139995,0,943670
UT,NV,2003,1165588,0,2109258
UT,NV,2010,150365,0,2259623
UT,NV,2011,1831342,0,4090965
UT,WY,1990,538203,0,538203
UT,WY,1994,114070,0,652273
UT,WY,1998,88145,0,740418
UT,WY,2007,421022,0,1161440
UT,WY,2010,342210,0,1503650
VA,DC,1990,103700,0,103700
VA,DC,1994,20740,0,124440
VA,DC,2003,62220,0,186660
VA,MD,1990,3157665,0,3157665
VA,MD,1994,174216,0,3331881
VA,MD,1995,606645,0,3938526
VA,MD,1997,55998,0,3994524
VA,MD,1998,13481,0,4008005
VA,MD,2005,449021,0,4457026
VA,MD,2007,171105,0,4628131
VA,MD,2008,725900,0,5354031
VA,MD,2016,136884,0,5490915
VA,MD,2017,110959,0,5601874
VA,MD,2022,518500,0,6120374
VA,NC,1990,25925,0,25925
VA,NC,1994,435540,0,461465
VA,NC,1998,12444,0,473909
VA,NC,2003,326655,0,800564
VA,NC,2008,264435,0,1064999
VA,NC,2015,1109590,0,2174589
VA,NC,2017,462502,0,2637091
VA,NC,2022,905301,0,3542392
VA,TN,1990,13481,0,13481
VA,TN,1994,2074,0,15555
VA,TN,1996,11407,0,26962
VA,TN,1997,24888,0,51850
VA,TN,2006,20740,0,72590
VA,TN,2011,155550,0,228140
WA,ID,1990,61183,0,61183
WA,OR,1990,2486726,0,2486726
WA,OR,1994,970632,0,3457358
WA,OR,1995,5185,0,3462543
WA,OR,1998,76738,0,3539281
WA,OR,2002,214659,0,3753940
WI,IL,1990,570350,0,570350
WI,IL,1999,113033,0,683383
WI,IL,2001,42517,0,725900
WI,MI,1990,1773270,0,1773270
WI,MI,1994,642940,0,2416210
WI,MI,1998,130662,0,2546872
WI,MN,1990,2308362,0,2308362
WV,KY,1990,78812,0,78812
WV,KY,2013,460428,0,539240
WV,KY,2015,1483947,0,2023187
WV,KY,2016,454206,0,2477393
WV,KY,2022,1699643,0,4177036
WV,MD,1990,4148,0,4148
WV,OH,1990,1672681,0,1672681
WV,OH,1998,22814,0,1695495
WV,OH,2014,933300,0,2628795
WV,OH,2015,1057740,0,3686535
WV,OH,2016,1514020,0,5200555
WV,OH,2017,663680,0,5864235
WV,OH,2022,3971710,0,9835945
WV,PA,1990,4639538,0,4639538
WV,PA,1994,46665,0,4686203
WV,PA,1995,46665,0,4732868
WV,PA,1996,25925,0,4758793
WV,PA,1997,97478,0,4856271
WV,PA,1998,33184,0,4889455
WV,PA,2002,103700,0,4993155
WV,PA,2004,225029,0,5218184
WV,PA,2006,54961,0,5273145
WV,PA,2007,49776,0,5322921
WV,PA,2008,155550,0,5478471
WV,PA,2009,155550,0,5634021
WV,PA,2010,79849,0,5713870
WV,PA,2012,1252696,0,6966566
WV,PA,2014,191845,0,7158411
WV,VA,1990,1763937,0,1763937
WV,VA,1994,263398,0,2027335
WV,VA,1997,158661,0,2185996
WV,VA,1998,49776,0,2235772
WV,VA,2022,518500,0,2754272
WY,CO,1990,1447444.6,0,1447444.6
WY,CO,1994,52887,0,1500331.6
WY,CO,1996,19703,0,1520034.6
WY,CO,1997,230214,0,1750248.6
WY,CO,1998,72590,0,1822838.6
WY,CO,1999,277916,0,2100754.6
WY,CO,2000,138128.4,0,2238883
WY,CO,2001,714285.6,0,2953168.6
WY,CO,2006,777750,0,3730918.6
WY,CO,2007,674050,0,4404968.6
WY,CO,2008,445910,0,4850878.6
WY,CO,2009,368342.4,0,5219221
WY,CO,2022,230214,0,5449435
WY,MT,1990,162809,0,162809
WY,MT,1994,116144,0,278953
WY,MT,1998,54961,0,333914
WY,MT,2000,41480,0,375394
WY,MT,2003,97478,0,472872
WY,MT,2008,42517,0,515389
WY,MT,2011,494649,0,1010038
WY,NE,1990,543388,0,543388
WY,NE,1994,0,17629,525759
WY,NE,1997,373320,0,899079
WY,NE,2002,335988,0,1235067
WY,NE,2008,1555500,0,2790567
WY,NE,2009,311100,0,3101667
WY,NE,2014,0,264435,2837232
WY,SD,1990,26962,0,26962
WY,SD,1994,1037,0,27999
WY,UT,1990,1535797,0,1535797
WY,UT,1994,860710,0,2396507
WY,UT,1996,21777,0,2418284
WY,UT,1998,138958,0,2557242
WY,UT,2001,181475,0,2738717
WY,UT,2003,1370914,0,4109631
WY,UT,2010,150365,0,4259996
WY,UT,2011,1831342,0,6091338
WY,UT,2017,0,51850,6039488
