timepoint_id,timestamp,timeseries
2025010106,2025-01-01-06:00,20250101
2025010112,2025-01-01-12:00,20250101
2025010118,2025-01-01-18:00,20250101
2025010124,2025-01-01-24:00,20250101
2025010206,2025-01-02-06:00,20250102
2025010212,2025-01-02-12:00,20250102
2025010218,2025-01-02-18:00,20250102
2025010224,2025-01-02-24:00,20250102
2025010306,2025-01-03-06:00,20250103
2025010312,2025-01-03-12:00,20250103
2025010318,2025-01-03-18:00,20250103
2025010324,2025-01-03-24:00,20250103
2025010406,2025-01-04-06:00,20250104
2025010412,2025-01-04-12:00,20250104
2025010418,2025-01-04-18:00,20250104
2025010424,2025-01-04-24:00,20250104
2025010506,2025-01-05-06:00,20250105
2025010512,2025-01-05-12:00,20250105
2025010518,2025-01-05-18:00,20250105
2025010524,2025-01-05-24:00,20250105
2025010606,2025-01-06-06:00,20250106
2025010612,2025-01-06-12:00,20250106
2025010618,2025-01-06-18:00,20250106
2025010624,2025-01-06-24:00,20250106
2025010706,2025-01-07-06:00,20250107
2025010712,2025-01-07-12:00,20250107
2025010718,2025-01-07-18:00,20250107
2025010724,2025-01-07-24:00,20250107
2025010806,2025-01-08-06:00,20250108
2025010812,2025-01-08-12:00,20250108
2025010818,2025-01-08-18:00,20250108
2025010824,2025-01-08-24:00,20250108
2025010906,2025-01-09-06:00,20250109
2025010912,2025-01-09-12:00,20250109
2025010918,2025-01-09-18:00,20250109
2025010924,2025-01-09-24:00,20250109
2025011006,2025-01-10-06:00,20250110
2025011012,2025-01-10-12:00,20250110
2025011018,2025-01-10-18:00,20250110
2025011024,2025-01-10-24:00,20250110
2025011106,2025-01-11-06:00,20250111
2025011112,2025-01-11-12:00,20250111
2025011118,2025-01-11-18:00,20250111
2025011124,2025-01-11-24:00,20250111
2025011206,2025-01-12-06:00,20250112
2025011212,2025-01-12-12:00,20250112
2025011218,2025-01-12-18:00,20250112
2025011224,2025-01-12-24:00,20250112
2025011306,2025-01-13-06:00,20250113
2025011312,2025-01-13-12:00,20250113
2025011318,2025-01-13-18:00,20250113
2025011324,2025-01-13-24:00,20250113
2025011406,2025-01-14-06:00,20250114
2025011412,2025-01-14-12:00,20250114
2025011418,2025-01-14-18:00,20250114
2025011424,2025-01-14-24:00,20250114
2025011506,2025-01-15-06:00,20250115
2025011512,2025-01-15-12:00,20250115
2025011518,2025-01-15-18:00,20250115
2025011524,2025-01-15-24:00,20250115
2025011606,2025-01-16-06:00,20250116
2025011612,2025-01-16-12:00,20250116
2025011618,2025-01-16-18:00,20250116
2025011624,2025-01-16-24:00,20250116
2025011706,2025-01-17-06:00,20250117
2025011712,2025-01-17-12:00,20250117
2025011718,2025-01-17-18:00,20250117
2025011724,2025-01-17-24:00,20250117
2025011806,2025-01-18-06:00,20250118
2025011812,2025-01-18-12:00,20250118
2025011818,2025-01-18-18:00,20250118
2025011824,2025-01-18-24:00,20250118
2025011906,2025-01-19-06:00,20250119
2025011912,2025-01-19-12:00,20250119
2025011918,2025-01-19-18:00,20250119
2025011924,2025-01-19-24:00,20250119
2025012006,2025-01-20-06:00,20250120
2025012012,2025-01-20-12:00,20250120
2025012018,2025-01-20-18:00,20250120
2025012024,2025-01-20-24:00,20250120
2025012106,2025-01-21-06:00,20250121
2025012112,2025-01-21-12:00,20250121
2025012118,2025-01-21-18:00,20250121
2025012124,2025-01-21-24:00,20250121
2025012206,2025-01-22-06:00,20250122
2025012212,2025-01-22-12:00,20250122
2025012218,2025-01-22-18:00,20250122
2025012224,2025-01-22-24:00,20250122
2025012306,2025-01-23-06:00,20250123
2025012312,2025-01-23-12:00,20250123
2025012318,2025-01-23-18:00,20250123
2025012324,2025-01-23-24:00,20250123
2025012406,2025-01-24-06:00,20250124
2025012412,2025-01-24-12:00,20250124
2025012418,2025-01-24-18:00,20250124
2025012424,2025-01-24-24:00,20250124
2025012506,2025-01-25-06:00,20250125
2025012512,2025-01-25-12:00,20250125
2025012518,2025-01-25-18:00,20250125
2025012524,2025-01-25-24:00,20250125
2025012606,2025-01-26-06:00,20250126
2025012612,2025-01-26-12:00,20250126
2025012618,2025-01-26-18:00,20250126
2025012624,2025-01-26-24:00,20250126
2025012706,2025-01-27-06:00,20250127
2025012712,2025-01-27-12:00,20250127
2025012718,2025-01-27-18:00,20250127
2025012724,2025-01-27-24:00,20250127
2025012806,2025-01-28-06:00,20250128
2025012812,2025-01-28-12:00,20250128
2025012818,2025-01-28-18:00,20250128
2025012824,2025-01-28-24:00,20250128
2025012906,2025-01-29-06:00,20250129
2025012912,2025-01-29-12:00,20250129
2025012918,2025-01-29-18:00,20250129
2025012924,2025-01-29-24:00,20250129
2025013006,2025-01-30-06:00,20250130
2025013012,2025-01-30-12:00,20250130
2025013018,2025-01-30-18:00,20250130
2025013024,2025-01-30-24:00,20250130
2025013106,2025-01-31-06:00,20250131
2025013112,2025-01-31-12:00,20250131
2025013118,2025-01-31-18:00,20250131
2025013124,2025-01-31-24:00,20250131
2025020106,2025-02-01-06:00,20250201
2025020112,2025-02-01-12:00,20250201
2025020118,2025-02-01-18:00,20250201
2025020124,2025-02-01-24:00,20250201
2025020206,2025-02-02-06:00,20250202
2025020212,2025-02-02-12:00,20250202
2025020218,2025-02-02-18:00,20250202
2025020224,2025-02-02-24:00,20250202
2025020306,2025-02-03-06:00,20250203
2025020312,2025-02-03-12:00,20250203
2025020318,2025-02-03-18:00,20250203
2025020324,2025-02-03-24:00,20250203
2025020406,2025-02-04-06:00,20250204
2025020412,2025-02-04-12:00,20250204
2025020418,2025-02-04-18:00,20250204
2025020424,2025-02-04-24:00,20250204
2025020506,2025-02-05-06:00,20250205
2025020512,2025-02-05-12:00,20250205
2025020518,2025-02-05-18:00,20250205
2025020524,2025-02-05-24:00,20250205
2025020606,2025-02-06-06:00,20250206
2025020612,2025-02-06-12:00,20250206
2025020618,2025-02-06-18:00,20250206
2025020624,2025-02-06-24:00,20250206
2025020706,2025-02-07-06:00,20250207
2025020712,2025-02-07-12:00,20250207
2025020718,2025-02-07-18:00,20250207
2025020724,2025-02-07-24:00,20250207
2025020806,2025-02-08-06:00,20250208
2025020812,2025-02-08-12:00,20250208
2025020818,2025-02-08-18:00,20250208
2025020824,2025-02-08-24:00,20250208
2025020906,2025-02-09-06:00,20250209
2025020912,2025-02-09-12:00,20250209
2025020918,2025-02-09-18:00,20250209
2025020924,2025-02-09-24:00,20250209
2025021006,2025-02-10-06:00,20250210
2025021012,2025-02-10-12:00,20250210
2025021018,2025-02-10-18:00,20250210
2025021024,2025-02-10-24:00,20250210
2025021106,2025-02-11-06:00,20250211
2025021112,2025-02-11-12:00,20250211
2025021118,2025-02-11-18:00,20250211
2025021124,2025-02-11-24:00,20250211
2025021206,2025-02-12-06:00,20250212
2025021212,2025-02-12-12:00,20250212
2025021218,2025-02-12-18:00,20250212
2025021224,2025-02-12-24:00,20250212
2025021306,2025-02-13-06:00,20250213
2025021312,2025-02-13-12:00,20250213
2025021318,2025-02-13-18:00,20250213
2025021324,2025-02-13-24:00,20250213
2025021406,2025-02-14-06:00,20250214
2025021412,2025-02-14-12:00,20250214
2025021418,2025-02-14-18:00,20250214
2025021424,2025-02-14-24:00,20250214
2025021506,2025-02-15-06:00,20250215
2025021512,2025-02-15-12:00,20250215
2025021518,2025-02-15-18:00,20250215
2025021524,2025-02-15-24:00,20250215
2025021606,2025-02-16-06:00,20250216
2025021612,2025-02-16-12:00,20250216
2025021618,2025-02-16-18:00,20250216
2025021624,2025-02-16-24:00,20250216
2025021706,2025-02-17-06:00,20250217
2025021712,2025-02-17-12:00,20250217
2025021718,2025-02-17-18:00,20250217
2025021724,2025-02-17-24:00,20250217
2025021806,2025-02-18-06:00,20250218
2025021812,2025-02-18-12:00,20250218
2025021818,2025-02-18-18:00,20250218
2025021824,2025-02-18-24:00,20250218
2025021906,2025-02-19-06:00,20250219
2025021912,2025-02-19-12:00,20250219
2025021918,2025-02-19-18:00,20250219
2025021924,2025-02-19-24:00,20250219
2025022006,2025-02-20-06:00,20250220
2025022012,2025-02-20-12:00,20250220
2025022018,2025-02-20-18:00,20250220
2025022024,2025-02-20-24:00,20250220
2025022106,2025-02-21-06:00,20250221
2025022112,2025-02-21-12:00,20250221
2025022118,2025-02-21-18:00,20250221
2025022124,2025-02-21-24:00,20250221
2025022206,2025-02-22-06:00,20250222
2025022212,2025-02-22-12:00,20250222
2025022218,2025-02-22-18:00,20250222
2025022224,2025-02-22-24:00,20250222
2025022306,2025-02-23-06:00,20250223
2025022312,2025-02-23-12:00,20250223
2025022318,2025-02-23-18:00,20250223
2025022324,2025-02-23-24:00,20250223
2025022406,2025-02-24-06:00,20250224
2025022412,2025-02-24-12:00,20250224
2025022418,2025-02-24-18:00,20250224
2025022424,2025-02-24-24:00,20250224
2025022506,2025-02-25-06:00,20250225
2025022512,2025-02-25-12:00,20250225
2025022518,2025-02-25-18:00,20250225
2025022524,2025-02-25-24:00,20250225
2025022606,2025-02-26-06:00,20250226
2025022612,2025-02-26-12:00,20250226
2025022618,2025-02-26-18:00,20250226
2025022624,2025-02-26-24:00,20250226
2025022706,2025-02-27-06:00,20250227
2025022712,2025-02-27-12:00,20250227
2025022718,2025-02-27-18:00,20250227
2025022724,2025-02-27-24:00,20250227
2025022806,2025-02-28-06:00,20250228
2025022812,2025-02-28-12:00,20250228
2025022818,2025-02-28-18:00,20250228
2025022824,2025-02-28-24:00,20250228
2025030106,2025-03-01-06:00,20250301
2025030112,2025-03-01-12:00,20250301
2025030118,2025-03-01-18:00,20250301
2025030124,2025-03-01-24:00,20250301
2025030206,2025-03-02-06:00,20250302
2025030212,2025-03-02-12:00,20250302
2025030218,2025-03-02-18:00,20250302
2025030224,2025-03-02-24:00,20250302
2025030306,2025-03-03-06:00,20250303
2025030312,2025-03-03-12:00,20250303
2025030318,2025-03-03-18:00,20250303
2025030324,2025-03-03-24:00,20250303
2025030406,2025-03-04-06:00,20250304
2025030412,2025-03-04-12:00,20250304
2025030418,2025-03-04-18:00,20250304
2025030424,2025-03-04-24:00,20250304
2025030506,2025-03-05-06:00,20250305
2025030512,2025-03-05-12:00,20250305
2025030518,2025-03-05-18:00,20250305
2025030524,2025-03-05-24:00,20250305
2025030606,2025-03-06-06:00,20250306
2025030612,2025-03-06-12:00,20250306
2025030618,2025-03-06-18:00,20250306
2025030624,2025-03-06-24:00,20250306
2025030706,2025-03-07-06:00,20250307
2025030712,2025-03-07-12:00,20250307
2025030718,2025-03-07-18:00,20250307
2025030724,2025-03-07-24:00,20250307
2025030806,2025-03-08-06:00,20250308
2025030812,2025-03-08-12:00,20250308
2025030818,2025-03-08-18:00,20250308
2025030824,2025-03-08-24:00,20250308
2025030906,2025-03-09-06:00,20250309
2025030912,2025-03-09-12:00,20250309
2025030918,2025-03-09-18:00,20250309
2025030924,2025-03-09-24:00,20250309
2025031006,2025-03-10-06:00,20250310
2025031012,2025-03-10-12:00,20250310
2025031018,2025-03-10-18:00,20250310
2025031024,2025-03-10-24:00,20250310
2025031106,2025-03-11-06:00,20250311
2025031112,2025-03-11-12:00,20250311
2025031118,2025-03-11-18:00,20250311
2025031124,2025-03-11-24:00,20250311
2025031206,2025-03-12-06:00,20250312
2025031212,2025-03-12-12:00,20250312
2025031218,2025-03-12-18:00,20250312
2025031224,2025-03-12-24:00,20250312
2025031306,2025-03-13-06:00,20250313
2025031312,2025-03-13-12:00,20250313
2025031318,2025-03-13-18:00,20250313
2025031324,2025-03-13-24:00,20250313
2025031406,2025-03-14-06:00,20250314
2025031412,2025-03-14-12:00,20250314
2025031418,2025-03-14-18:00,20250314
2025031424,2025-03-14-24:00,20250314
2025031506,2025-03-15-06:00,20250315
2025031512,2025-03-15-12:00,20250315
2025031518,2025-03-15-18:00,20250315
2025031524,2025-03-15-24:00,20250315
2025031606,2025-03-16-06:00,20250316
2025031612,2025-03-16-12:00,20250316
2025031618,2025-03-16-18:00,20250316
2025031624,2025-03-16-24:00,20250316
2025031706,2025-03-17-06:00,20250317
2025031712,2025-03-17-12:00,20250317
2025031718,2025-03-17-18:00,20250317
2025031724,2025-03-17-24:00,20250317
2025031806,2025-03-18-06:00,20250318
2025031812,2025-03-18-12:00,20250318
2025031818,2025-03-18-18:00,20250318
2025031824,2025-03-18-24:00,20250318
2025031906,2025-03-19-06:00,20250319
2025031912,2025-03-19-12:00,20250319
2025031918,2025-03-19-18:00,20250319
2025031924,2025-03-19-24:00,20250319
2025032006,2025-03-20-06:00,20250320
2025032012,2025-03-20-12:00,20250320
2025032018,2025-03-20-18:00,20250320
2025032024,2025-03-20-24:00,20250320
2025032106,2025-03-21-06:00,20250321
2025032112,2025-03-21-12:00,20250321
2025032118,2025-03-21-18:00,20250321
2025032124,2025-03-21-24:00,20250321
2025032206,2025-03-22-06:00,20250322
2025032212,2025-03-22-12:00,20250322
2025032218,2025-03-22-18:00,20250322
2025032224,2025-03-22-24:00,20250322
2025032306,2025-03-23-06:00,20250323
2025032312,2025-03-23-12:00,20250323
2025032318,2025-03-23-18:00,20250323
2025032324,2025-03-23-24:00,20250323
2025032406,2025-03-24-06:00,20250324
2025032412,2025-03-24-12:00,20250324
2025032418,2025-03-24-18:00,20250324
2025032424,2025-03-24-24:00,20250324
2025032506,2025-03-25-06:00,20250325
2025032512,2025-03-25-12:00,20250325
2025032518,2025-03-25-18:00,20250325
2025032524,2025-03-25-24:00,20250325
2025032606,2025-03-26-06:00,20250326
2025032612,2025-03-26-12:00,20250326
2025032618,2025-03-26-18:00,20250326
2025032624,2025-03-26-24:00,20250326
2025032706,2025-03-27-06:00,20250327
2025032712,2025-03-27-12:00,20250327
2025032718,2025-03-27-18:00,20250327
2025032724,2025-03-27-24:00,20250327
2025032806,2025-03-28-06:00,20250328
2025032812,2025-03-28-12:00,20250328
2025032818,2025-03-28-18:00,20250328
2025032824,2025-03-28-24:00,20250328
2025032906,2025-03-29-06:00,20250329
2025032912,2025-03-29-12:00,20250329
2025032918,2025-03-29-18:00,20250329
2025032924,2025-03-29-24:00,20250329
2025033006,2025-03-30-06:00,20250330
2025033012,2025-03-30-12:00,20250330
2025033018,2025-03-30-18:00,20250330
2025033024,2025-03-30-24:00,20250330
2025033106,2025-03-31-06:00,20250331
2025033112,2025-03-31-12:00,20250331
2025033118,2025-03-31-18:00,20250331
2025033124,2025-03-31-24:00,20250331
2025040106,2025-04-01-06:00,20250401
2025040112,2025-04-01-12:00,20250401
2025040118,2025-04-01-18:00,20250401
2025040124,2025-04-01-24:00,20250401
2025040206,2025-04-02-06:00,20250402
2025040212,2025-04-02-12:00,20250402
2025040218,2025-04-02-18:00,20250402
2025040224,2025-04-02-24:00,20250402
2025040306,2025-04-03-06:00,20250403
2025040312,2025-04-03-12:00,20250403
2025040318,2025-04-03-18:00,20250403
2025040324,2025-04-03-24:00,20250403
2025040406,2025-04-04-06:00,20250404
2025040412,2025-04-04-12:00,20250404
2025040418,2025-04-04-18:00,20250404
2025040424,2025-04-04-24:00,20250404
2025040506,2025-04-05-06:00,20250405
2025040512,2025-04-05-12:00,20250405
2025040518,2025-04-05-18:00,20250405
2025040524,2025-04-05-24:00,20250405
2025040606,2025-04-06-06:00,20250406
2025040612,2025-04-06-12:00,20250406
2025040618,2025-04-06-18:00,20250406
2025040624,2025-04-06-24:00,20250406
2025040706,2025-04-07-06:00,20250407
2025040712,2025-04-07-12:00,20250407
2025040718,2025-04-07-18:00,20250407
2025040724,2025-04-07-24:00,20250407
2025040806,2025-04-08-06:00,20250408
2025040812,2025-04-08-12:00,20250408
2025040818,2025-04-08-18:00,20250408
2025040824,2025-04-08-24:00,20250408
2025040906,2025-04-09-06:00,20250409
2025040912,2025-04-09-12:00,20250409
2025040918,2025-04-09-18:00,20250409
2025040924,2025-04-09-24:00,20250409
2025041006,2025-04-10-06:00,20250410
2025041012,2025-04-10-12:00,20250410
2025041018,2025-04-10-18:00,20250410
2025041024,2025-04-10-24:00,20250410
2025041106,2025-04-11-06:00,20250411
2025041112,2025-04-11-12:00,20250411
2025041118,2025-04-11-18:00,20250411
2025041124,2025-04-11-24:00,20250411
2025041206,2025-04-12-06:00,20250412
2025041212,2025-04-12-12:00,20250412
2025041218,2025-04-12-18:00,20250412
2025041224,2025-04-12-24:00,20250412
2025041306,2025-04-13-06:00,20250413
2025041312,2025-04-13-12:00,20250413
2025041318,2025-04-13-18:00,20250413
2025041324,2025-04-13-24:00,20250413
2025041406,2025-04-14-06:00,20250414
2025041412,2025-04-14-12:00,20250414
2025041418,2025-04-14-18:00,20250414
2025041424,2025-04-14-24:00,20250414
2025041506,2025-04-15-06:00,20250415
2025041512,2025-04-15-12:00,20250415
2025041518,2025-04-15-18:00,20250415
2025041524,2025-04-15-24:00,20250415
2025041606,2025-04-16-06:00,20250416
2025041612,2025-04-16-12:00,20250416
2025041618,2025-04-16-18:00,20250416
2025041624,2025-04-16-24:00,20250416
2025041706,2025-04-17-06:00,20250417
2025041712,2025-04-17-12:00,20250417
2025041718,2025-04-17-18:00,20250417
2025041724,2025-04-17-24:00,20250417
2025041806,2025-04-18-06:00,20250418
2025041812,2025-04-18-12:00,20250418
2025041818,2025-04-18-18:00,20250418
2025041824,2025-04-18-24:00,20250418
2025041906,2025-04-19-06:00,20250419
2025041912,2025-04-19-12:00,20250419
2025041918,2025-04-19-18:00,20250419
2025041924,2025-04-19-24:00,20250419
2025042006,2025-04-20-06:00,20250420
2025042012,2025-04-20-12:00,20250420
2025042018,2025-04-20-18:00,20250420
2025042024,2025-04-20-24:00,20250420
2025042106,2025-04-21-06:00,20250421
2025042112,2025-04-21-12:00,20250421
2025042118,2025-04-21-18:00,20250421
2025042124,2025-04-21-24:00,20250421
2025042206,2025-04-22-06:00,20250422
2025042212,2025-04-22-12:00,20250422
2025042218,2025-04-22-18:00,20250422
2025042224,2025-04-22-24:00,20250422
2025042306,2025-04-23-06:00,20250423
2025042312,2025-04-23-12:00,20250423
2025042318,2025-04-23-18:00,20250423
2025042324,2025-04-23-24:00,20250423
2025042406,2025-04-24-06:00,20250424
2025042412,2025-04-24-12:00,20250424
2025042418,2025-04-24-18:00,20250424
2025042424,2025-04-24-24:00,20250424
2025042506,2025-04-25-06:00,20250425
2025042512,2025-04-25-12:00,20250425
2025042518,2025-04-25-18:00,20250425
2025042524,2025-04-25-24:00,20250425
2025042606,2025-04-26-06:00,20250426
2025042612,2025-04-26-12:00,20250426
2025042618,2025-04-26-18:00,20250426
2025042624,2025-04-26-24:00,20250426
2025042706,2025-04-27-06:00,20250427
2025042712,2025-04-27-12:00,20250427
2025042718,2025-04-27-18:00,20250427
2025042724,2025-04-27-24:00,20250427
2025042806,2025-04-28-06:00,20250428
2025042812,2025-04-28-12:00,20250428
2025042818,2025-04-28-18:00,20250428
2025042824,2025-04-28-24:00,20250428
2025042906,2025-04-29-06:00,20250429
2025042912,2025-04-29-12:00,20250429
2025042918,2025-04-29-18:00,20250429
2025042924,2025-04-29-24:00,20250429
2025043006,2025-04-30-06:00,20250430
2025043012,2025-04-30-12:00,20250430
2025043018,2025-04-30-18:00,20250430
2025043024,2025-04-30-24:00,20250430
2025050106,2025-05-01-06:00,20250501
2025050112,2025-05-01-12:00,20250501
2025050118,2025-05-01-18:00,20250501
2025050124,2025-05-01-24:00,20250501
2025050206,2025-05-02-06:00,20250502
2025050212,2025-05-02-12:00,20250502
2025050218,2025-05-02-18:00,20250502
2025050224,2025-05-02-24:00,20250502
2025050306,2025-05-03-06:00,20250503
2025050312,2025-05-03-12:00,20250503
2025050318,2025-05-03-18:00,20250503
2025050324,2025-05-03-24:00,20250503
2025050406,2025-05-04-06:00,20250504
2025050412,2025-05-04-12:00,20250504
2025050418,2025-05-04-18:00,20250504
2025050424,2025-05-04-24:00,20250504
2025050506,2025-05-05-06:00,20250505
2025050512,2025-05-05-12:00,20250505
2025050518,2025-05-05-18:00,20250505
2025050524,2025-05-05-24:00,20250505
2025050606,2025-05-06-06:00,20250506
2025050612,2025-05-06-12:00,20250506
2025050618,2025-05-06-18:00,20250506
2025050624,2025-05-06-24:00,20250506
2025050706,2025-05-07-06:00,20250507
2025050712,2025-05-07-12:00,20250507
2025050718,2025-05-07-18:00,20250507
2025050724,2025-05-07-24:00,20250507
2025050806,2025-05-08-06:00,20250508
2025050812,2025-05-08-12:00,20250508
2025050818,2025-05-08-18:00,20250508
2025050824,2025-05-08-24:00,20250508
2025050906,2025-05-09-06:00,20250509
2025050912,2025-05-09-12:00,20250509
2025050918,2025-05-09-18:00,20250509
2025050924,2025-05-09-24:00,20250509
2025051006,2025-05-10-06:00,20250510
2025051012,2025-05-10-12:00,20250510
2025051018,2025-05-10-18:00,20250510
2025051024,2025-05-10-24:00,20250510
2025051106,2025-05-11-06:00,20250511
2025051112,2025-05-11-12:00,20250511
2025051118,2025-05-11-18:00,20250511
2025051124,2025-05-11-24:00,20250511
2025051206,2025-05-12-06:00,20250512
2025051212,2025-05-12-12:00,20250512
2025051218,2025-05-12-18:00,20250512
2025051224,2025-05-12-24:00,20250512
2025051306,2025-05-13-06:00,20250513
2025051312,2025-05-13-12:00,20250513
2025051318,2025-05-13-18:00,20250513
2025051324,2025-05-13-24:00,20250513
2025051406,2025-05-14-06:00,20250514
2025051412,2025-05-14-12:00,20250514
2025051418,2025-05-14-18:00,20250514
2025051424,2025-05-14-24:00,20250514
2025051506,2025-05-15-06:00,20250515
2025051512,2025-05-15-12:00,20250515
2025051518,2025-05-15-18:00,20250515
2025051524,2025-05-15-24:00,20250515
2025051606,2025-05-16-06:00,20250516
2025051612,2025-05-16-12:00,20250516
2025051618,2025-05-16-18:00,20250516
2025051624,2025-05-16-24:00,20250516
2025051706,2025-05-17-06:00,20250517
2025051712,2025-05-17-12:00,20250517
2025051718,2025-05-17-18:00,20250517
2025051724,2025-05-17-24:00,20250517
2025051806,2025-05-18-06:00,20250518
2025051812,2025-05-18-12:00,20250518
2025051818,2025-05-18-18:00,20250518
2025051824,2025-05-18-24:00,20250518
2025051906,2025-05-19-06:00,20250519
2025051912,2025-05-19-12:00,20250519
2025051918,2025-05-19-18:00,20250519
2025051924,2025-05-19-24:00,20250519
2025052006,2025-05-20-06:00,20250520
2025052012,2025-05-20-12:00,20250520
2025052018,2025-05-20-18:00,20250520
2025052024,2025-05-20-24:00,20250520
2025052106,2025-05-21-06:00,20250521
2025052112,2025-05-21-12:00,20250521
2025052118,2025-05-21-18:00,20250521
2025052124,2025-05-21-24:00,20250521
2025052206,2025-05-22-06:00,20250522
2025052212,2025-05-22-12:00,20250522
2025052218,2025-05-22-18:00,20250522
2025052224,2025-05-22-24:00,20250522
2025052306,2025-05-23-06:00,20250523
2025052312,2025-05-23-12:00,20250523
2025052318,2025-05-23-18:00,20250523
2025052324,2025-05-23-24:00,20250523
2025052406,2025-05-24-06:00,20250524
2025052412,2025-05-24-12:00,20250524
2025052418,2025-05-24-18:00,20250524
2025052424,2025-05-24-24:00,20250524
2025052506,2025-05-25-06:00,20250525
2025052512,2025-05-25-12:00,20250525
2025052518,2025-05-25-18:00,20250525
2025052524,2025-05-25-24:00,20250525
2025052606,2025-05-26-06:00,20250526
2025052612,2025-05-26-12:00,20250526
2025052618,2025-05-26-18:00,20250526
2025052624,2025-05-26-24:00,20250526
2025052706,2025-05-27-06:00,20250527
2025052712,2025-05-27-12:00,20250527
2025052718,2025-05-27-18:00,20250527
2025052724,2025-05-27-24:00,20250527
2025052806,2025-05-28-06:00,20250528
2025052812,2025-05-28-12:00,20250528
2025052818,2025-05-28-18:00,20250528
2025052824,2025-05-28-24:00,20250528
2025052906,2025-05-29-06:00,20250529
2025052912,2025-05-29-12:00,20250529
2025052918,2025-05-29-18:00,20250529
2025052924,2025-05-29-24:00,20250529
2025053006,2025-05-30-06:00,20250530
2025053012,2025-05-30-12:00,20250530
2025053018,2025-05-30-18:00,20250530
2025053024,2025-05-30-24:00,20250530
2025053106,2025-05-31-06:00,20250531
2025053112,2025-05-31-12:00,20250531
2025053118,2025-05-31-18:00,20250531
2025053124,2025-05-31-24:00,20250531
2025060106,2025-06-01-06:00,20250601
2025060112,2025-06-01-12:00,20250601
2025060118,2025-06-01-18:00,20250601
2025060124,2025-06-01-24:00,20250601
2025060206,2025-06-02-06:00,20250602
2025060212,2025-06-02-12:00,20250602
2025060218,2025-06-02-18:00,20250602
2025060224,2025-06-02-24:00,20250602
2025060306,2025-06-03-06:00,20250603
2025060312,2025-06-03-12:00,20250603
2025060318,2025-06-03-18:00,20250603
2025060324,2025-06-03-24:00,20250603
2025060406,2025-06-04-06:00,20250604
2025060412,2025-06-04-12:00,20250604
2025060418,2025-06-04-18:00,20250604
2025060424,2025-06-04-24:00,20250604
2025060506,2025-06-05-06:00,20250605
2025060512,2025-06-05-12:00,20250605
2025060518,2025-06-05-18:00,20250605
2025060524,2025-06-05-24:00,20250605
2025060606,2025-06-06-06:00,20250606
2025060612,2025-06-06-12:00,20250606
2025060618,2025-06-06-18:00,20250606
2025060624,2025-06-06-24:00,20250606
2025060706,2025-06-07-06:00,20250607
2025060712,2025-06-07-12:00,20250607
2025060718,2025-06-07-18:00,20250607
2025060724,2025-06-07-24:00,20250607
2025060806,2025-06-08-06:00,20250608
2025060812,2025-06-08-12:00,20250608
2025060818,2025-06-08-18:00,20250608
2025060824,2025-06-08-24:00,20250608
2025060906,2025-06-09-06:00,20250609
2025060912,2025-06-09-12:00,20250609
2025060918,2025-06-09-18:00,20250609
2025060924,2025-06-09-24:00,20250609
2025061006,2025-06-10-06:00,20250610
2025061012,2025-06-10-12:00,20250610
2025061018,2025-06-10-18:00,20250610
2025061024,2025-06-10-24:00,20250610
2025061106,2025-06-11-06:00,20250611
2025061112,2025-06-11-12:00,20250611
2025061118,2025-06-11-18:00,20250611
2025061124,2025-06-11-24:00,20250611
2025061206,2025-06-12-06:00,20250612
2025061212,2025-06-12-12:00,20250612
2025061218,2025-06-12-18:00,20250612
2025061224,2025-06-12-24:00,20250612
2025061306,2025-06-13-06:00,20250613
2025061312,2025-06-13-12:00,20250613
2025061318,2025-06-13-18:00,20250613
2025061324,2025-06-13-24:00,20250613
2025061406,2025-06-14-06:00,20250614
2025061412,2025-06-14-12:00,20250614
2025061418,2025-06-14-18:00,20250614
2025061424,2025-06-14-24:00,20250614
2025061506,2025-06-15-06:00,20250615
2025061512,2025-06-15-12:00,20250615
2025061518,2025-06-15-18:00,20250615
2025061524,2025-06-15-24:00,20250615
2025061606,2025-06-16-06:00,20250616
2025061612,2025-06-16-12:00,20250616
2025061618,2025-06-16-18:00,20250616
2025061624,2025-06-16-24:00,20250616
2025061706,2025-06-17-06:00,20250617
2025061712,2025-06-17-12:00,20250617
2025061718,2025-06-17-18:00,20250617
2025061724,2025-06-17-24:00,20250617
2025061806,2025-06-18-06:00,20250618
2025061812,2025-06-18-12:00,20250618
2025061818,2025-06-18-18:00,20250618
2025061824,2025-06-18-24:00,20250618
2025061906,2025-06-19-06:00,20250619
2025061912,2025-06-19-12:00,20250619
2025061918,2025-06-19-18:00,20250619
2025061924,2025-06-19-24:00,20250619
2025062006,2025-06-20-06:00,20250620
2025062012,2025-06-20-12:00,20250620
2025062018,2025-06-20-18:00,20250620
2025062024,2025-06-20-24:00,20250620
2025062106,2025-06-21-06:00,20250621
2025062112,2025-06-21-12:00,20250621
2025062118,2025-06-21-18:00,20250621
2025062124,2025-06-21-24:00,20250621
2025062206,2025-06-22-06:00,20250622
2025062212,2025-06-22-12:00,20250622
2025062218,2025-06-22-18:00,20250622
2025062224,2025-06-22-24:00,20250622
2025062306,2025-06-23-06:00,20250623
2025062312,2025-06-23-12:00,20250623
2025062318,2025-06-23-18:00,20250623
2025062324,2025-06-23-24:00,20250623
2025062406,2025-06-24-06:00,20250624
2025062412,2025-06-24-12:00,20250624
2025062418,2025-06-24-18:00,20250624
2025062424,2025-06-24-24:00,20250624
2025062506,2025-06-25-06:00,20250625
2025062512,2025-06-25-12:00,20250625
2025062518,2025-06-25-18:00,20250625
2025062524,2025-06-25-24:00,20250625
2025062606,2025-06-26-06:00,20250626
2025062612,2025-06-26-12:00,20250626
2025062618,2025-06-26-18:00,20250626
2025062624,2025-06-26-24:00,20250626
2025062706,2025-06-27-06:00,20250627
2025062712,2025-06-27-12:00,20250627
2025062718,2025-06-27-18:00,20250627
2025062724,2025-06-27-24:00,20250627
2025062806,2025-06-28-06:00,20250628
2025062812,2025-06-28-12:00,20250628
2025062818,2025-06-28-18:00,20250628
2025062824,2025-06-28-24:00,20250628
2025062906,2025-06-29-06:00,20250629
2025062912,2025-06-29-12:00,20250629
2025062918,2025-06-29-18:00,20250629
2025062924,2025-06-29-24:00,20250629
2025063006,2025-06-30-06:00,20250630
2025063012,2025-06-30-12:00,20250630
2025063018,2025-06-30-18:00,20250630
2025063024,2025-06-30-24:00,20250630
2025070106,2025-07-01-06:00,20250701
2025070112,2025-07-01-12:00,20250701
2025070118,2025-07-01-18:00,20250701
2025070124,2025-07-01-24:00,20250701
2025070206,2025-07-02-06:00,20250702
2025070212,2025-07-02-12:00,20250702
2025070218,2025-07-02-18:00,20250702
2025070224,2025-07-02-24:00,20250702
2025070306,2025-07-03-06:00,20250703
2025070312,2025-07-03-12:00,20250703
2025070318,2025-07-03-18:00,20250703
2025070324,2025-07-03-24:00,20250703
2025070406,2025-07-04-06:00,20250704
2025070412,2025-07-04-12:00,20250704
2025070418,2025-07-04-18:00,20250704
2025070424,2025-07-04-24:00,20250704
2025070506,2025-07-05-06:00,20250705
2025070512,2025-07-05-12:00,20250705
2025070518,2025-07-05-18:00,20250705
2025070524,2025-07-05-24:00,20250705
2025070606,2025-07-06-06:00,20250706
2025070612,2025-07-06-12:00,20250706
2025070618,2025-07-06-18:00,20250706
2025070624,2025-07-06-24:00,20250706
2025070706,2025-07-07-06:00,20250707
2025070712,2025-07-07-12:00,20250707
2025070718,2025-07-07-18:00,20250707
2025070724,2025-07-07-24:00,20250707
2025070806,2025-07-08-06:00,20250708
2025070812,2025-07-08-12:00,20250708
2025070818,2025-07-08-18:00,20250708
2025070824,2025-07-08-24:00,20250708
2025070906,2025-07-09-06:00,20250709
2025070912,2025-07-09-12:00,20250709
2025070918,2025-07-09-18:00,20250709
2025070924,2025-07-09-24:00,20250709
2025071006,2025-07-10-06:00,20250710
2025071012,2025-07-10-12:00,20250710
2025071018,2025-07-10-18:00,20250710
2025071024,2025-07-10-24:00,20250710
2025071106,2025-07-11-06:00,20250711
2025071112,2025-07-11-12:00,20250711
2025071118,2025-07-11-18:00,20250711
2025071124,2025-07-11-24:00,20250711
2025071206,2025-07-12-06:00,20250712
2025071212,2025-07-12-12:00,20250712
2025071218,2025-07-12-18:00,20250712
2025071224,2025-07-12-24:00,20250712
2025071306,2025-07-13-06:00,20250713
2025071312,2025-07-13-12:00,20250713
2025071318,2025-07-13-18:00,20250713
2025071324,2025-07-13-24:00,20250713
2025071406,2025-07-14-06:00,20250714
2025071412,2025-07-14-12:00,20250714
2025071418,2025-07-14-18:00,20250714
2025071424,2025-07-14-24:00,20250714
2025071506,2025-07-15-06:00,20250715
2025071512,2025-07-15-12:00,20250715
2025071518,2025-07-15-18:00,20250715
2025071524,2025-07-15-24:00,20250715
2025071606,2025-07-16-06:00,20250716
2025071612,2025-07-16-12:00,20250716
2025071618,2025-07-16-18:00,20250716
2025071624,2025-07-16-24:00,20250716
2025071706,2025-07-17-06:00,20250717
2025071712,2025-07-17-12:00,20250717
2025071718,2025-07-17-18:00,20250717
2025071724,2025-07-17-24:00,20250717
2025071806,2025-07-18-06:00,20250718
2025071812,2025-07-18-12:00,20250718
2025071818,2025-07-18-18:00,20250718
2025071824,2025-07-18-24:00,20250718
2025071906,2025-07-19-06:00,20250719
2025071912,2025-07-19-12:00,20250719
2025071918,2025-07-19-18:00,20250719
2025071924,2025-07-19-24:00,20250719
2025072006,2025-07-20-06:00,20250720
2025072012,2025-07-20-12:00,20250720
2025072018,2025-07-20-18:00,20250720
2025072024,2025-07-20-24:00,20250720
2025072106,2025-07-21-06:00,20250721
2025072112,2025-07-21-12:00,20250721
2025072118,2025-07-21-18:00,20250721
2025072124,2025-07-21-24:00,20250721
2025072206,2025-07-22-06:00,20250722
2025072212,2025-07-22-12:00,20250722
2025072218,2025-07-22-18:00,20250722
2025072224,2025-07-22-24:00,20250722
2025072306,2025-07-23-06:00,20250723
2025072312,2025-07-23-12:00,20250723
2025072318,2025-07-23-18:00,20250723
2025072324,2025-07-23-24:00,20250723
2025072406,2025-07-24-06:00,20250724
2025072412,2025-07-24-12:00,20250724
2025072418,2025-07-24-18:00,20250724
2025072424,2025-07-24-24:00,20250724
2025072506,2025-07-25-06:00,20250725
2025072512,2025-07-25-12:00,20250725
2025072518,2025-07-25-18:00,20250725
2025072524,2025-07-25-24:00,20250725
2025072606,2025-07-26-06:00,20250726
2025072612,2025-07-26-12:00,20250726
2025072618,2025-07-26-18:00,20250726
2025072624,2025-07-26-24:00,20250726
2025072706,2025-07-27-06:00,20250727
2025072712,2025-07-27-12:00,20250727
2025072718,2025-07-27-18:00,20250727
2025072724,2025-07-27-24:00,20250727
2025072806,2025-07-28-06:00,20250728
2025072812,2025-07-28-12:00,20250728
2025072818,2025-07-28-18:00,20250728
2025072824,2025-07-28-24:00,20250728
2025072906,2025-07-29-06:00,20250729
2025072912,2025-07-29-12:00,20250729
2025072918,2025-07-29-18:00,20250729
2025072924,2025-07-29-24:00,20250729
2025073006,2025-07-30-06:00,20250730
2025073012,2025-07-30-12:00,20250730
2025073018,2025-07-30-18:00,20250730
2025073024,2025-07-30-24:00,20250730
2025073106,2025-07-31-06:00,20250731
2025073112,2025-07-31-12:00,20250731
2025073118,2025-07-31-18:00,20250731
2025073124,2025-07-31-24:00,20250731
2025080106,2025-08-01-06:00,20250801
2025080112,2025-08-01-12:00,20250801
2025080118,2025-08-01-18:00,20250801
2025080124,2025-08-01-24:00,20250801
2025080206,2025-08-02-06:00,20250802
2025080212,2025-08-02-12:00,20250802
2025080218,2025-08-02-18:00,20250802
2025080224,2025-08-02-24:00,20250802
2025080306,2025-08-03-06:00,20250803
2025080312,2025-08-03-12:00,20250803
2025080318,2025-08-03-18:00,20250803
2025080324,2025-08-03-24:00,20250803
2025080406,2025-08-04-06:00,20250804
2025080412,2025-08-04-12:00,20250804
2025080418,2025-08-04-18:00,20250804
2025080424,2025-08-04-24:00,20250804
2025080506,2025-08-05-06:00,20250805
2025080512,2025-08-05-12:00,20250805
2025080518,2025-08-05-18:00,20250805
2025080524,2025-08-05-24:00,20250805
2025080606,2025-08-06-06:00,20250806
2025080612,2025-08-06-12:00,20250806
2025080618,2025-08-06-18:00,20250806
2025080624,2025-08-06-24:00,20250806
2025080706,2025-08-07-06:00,20250807
2025080712,2025-08-07-12:00,20250807
2025080718,2025-08-07-18:00,20250807
2025080724,2025-08-07-24:00,20250807
2025080806,2025-08-08-06:00,20250808
2025080812,2025-08-08-12:00,20250808
2025080818,2025-08-08-18:00,20250808
2025080824,2025-08-08-24:00,20250808
2025080906,2025-08-09-06:00,20250809
2025080912,2025-08-09-12:00,20250809
2025080918,2025-08-09-18:00,20250809
2025080924,2025-08-09-24:00,20250809
2025081006,2025-08-10-06:00,20250810
2025081012,2025-08-10-12:00,20250810
2025081018,2025-08-10-18:00,20250810
2025081024,2025-08-10-24:00,20250810
2025081106,2025-08-11-06:00,20250811
2025081112,2025-08-11-12:00,20250811
2025081118,2025-08-11-18:00,20250811
2025081124,2025-08-11-24:00,20250811
2025081206,2025-08-12-06:00,20250812
2025081212,2025-08-12-12:00,20250812
2025081218,2025-08-12-18:00,20250812
2025081224,2025-08-12-24:00,20250812
2025081306,2025-08-13-06:00,20250813
2025081312,2025-08-13-12:00,20250813
2025081318,2025-08-13-18:00,20250813
2025081324,2025-08-13-24:00,20250813
2025081406,2025-08-14-06:00,20250814
2025081412,2025-08-14-12:00,20250814
2025081418,2025-08-14-18:00,20250814
2025081424,2025-08-14-24:00,20250814
2025081506,2025-08-15-06:00,20250815
2025081512,2025-08-15-12:00,20250815
2025081518,2025-08-15-18:00,20250815
2025081524,2025-08-15-24:00,20250815
2025081606,2025-08-16-06:00,20250816
2025081612,2025-08-16-12:00,20250816
2025081618,2025-08-16-18:00,20250816
2025081624,2025-08-16-24:00,20250816
2025081706,2025-08-17-06:00,20250817
2025081712,2025-08-17-12:00,20250817
2025081718,2025-08-17-18:00,20250817
2025081724,2025-08-17-24:00,20250817
2025081806,2025-08-18-06:00,20250818
2025081812,2025-08-18-12:00,20250818
2025081818,2025-08-18-18:00,20250818
2025081824,2025-08-18-24:00,20250818
2025081906,2025-08-19-06:00,20250819
2025081912,2025-08-19-12:00,20250819
2025081918,2025-08-19-18:00,20250819
2025081924,2025-08-19-24:00,20250819
2025082006,2025-08-20-06:00,20250820
2025082012,2025-08-20-12:00,20250820
2025082018,2025-08-20-18:00,20250820
2025082024,2025-08-20-24:00,20250820
2025082106,2025-08-21-06:00,20250821
2025082112,2025-08-21-12:00,20250821
2025082118,2025-08-21-18:00,20250821
2025082124,2025-08-21-24:00,20250821
2025082206,2025-08-22-06:00,20250822
2025082212,2025-08-22-12:00,20250822
2025082218,2025-08-22-18:00,20250822
2025082224,2025-08-22-24:00,20250822
2025082306,2025-08-23-06:00,20250823
2025082312,2025-08-23-12:00,20250823
2025082318,2025-08-23-18:00,20250823
2025082324,2025-08-23-24:00,20250823
2025082406,2025-08-24-06:00,20250824
2025082412,2025-08-24-12:00,20250824
2025082418,2025-08-24-18:00,20250824
2025082424,2025-08-24-24:00,20250824
2025082506,2025-08-25-06:00,20250825
2025082512,2025-08-25-12:00,20250825
2025082518,2025-08-25-18:00,20250825
2025082524,2025-08-25-24:00,20250825
2025082606,2025-08-26-06:00,20250826
2025082612,2025-08-26-12:00,20250826
2025082618,2025-08-26-18:00,20250826
2025082624,2025-08-26-24:00,20250826
2025082706,2025-08-27-06:00,20250827
2025082712,2025-08-27-12:00,20250827
2025082718,2025-08-27-18:00,20250827
2025082724,2025-08-27-24:00,20250827
2025082806,2025-08-28-06:00,20250828
2025082812,2025-08-28-12:00,20250828
2025082818,2025-08-28-18:00,20250828
2025082824,2025-08-28-24:00,20250828
2025082906,2025-08-29-06:00,20250829
2025082912,2025-08-29-12:00,20250829
2025082918,2025-08-29-18:00,20250829
2025082924,2025-08-29-24:00,20250829
2025083006,2025-08-30-06:00,20250830
2025083012,2025-08-30-12:00,20250830
2025083018,2025-08-30-18:00,20250830
2025083024,2025-08-30-24:00,20250830
2025083106,2025-08-31-06:00,20250831
2025083112,2025-08-31-12:00,20250831
2025083118,2025-08-31-18:00,20250831
2025083124,2025-08-31-24:00,20250831
2025090106,2025-09-01-06:00,20250901
2025090112,2025-09-01-12:00,20250901
2025090118,2025-09-01-18:00,20250901
2025090124,2025-09-01-24:00,20250901
2025090206,2025-09-02-06:00,20250902
2025090212,2025-09-02-12:00,20250902
2025090218,2025-09-02-18:00,20250902
2025090224,2025-09-02-24:00,20250902
2025090306,2025-09-03-06:00,20250903
2025090312,2025-09-03-12:00,20250903
2025090318,2025-09-03-18:00,20250903
2025090324,2025-09-03-24:00,20250903
2025090406,2025-09-04-06:00,20250904
2025090412,2025-09-04-12:00,20250904
2025090418,2025-09-04-18:00,20250904
2025090424,2025-09-04-24:00,20250904
2025090506,2025-09-05-06:00,20250905
2025090512,2025-09-05-12:00,20250905
2025090518,2025-09-05-18:00,20250905
2025090524,2025-09-05-24:00,20250905
2025090606,2025-09-06-06:00,20250906
2025090612,2025-09-06-12:00,20250906
2025090618,2025-09-06-18:00,20250906
2025090624,2025-09-06-24:00,20250906
2025090706,2025-09-07-06:00,20250907
2025090712,2025-09-07-12:00,20250907
2025090718,2025-09-07-18:00,20250907
2025090724,2025-09-07-24:00,20250907
2025090806,2025-09-08-06:00,20250908
2025090812,2025-09-08-12:00,20250908
2025090818,2025-09-08-18:00,20250908
2025090824,2025-09-08-24:00,20250908
2025090906,2025-09-09-06:00,20250909
2025090912,2025-09-09-12:00,20250909
2025090918,2025-09-09-18:00,20250909
2025090924,2025-09-09-24:00,20250909
2025091006,2025-09-10-06:00,20250910
2025091012,2025-09-10-12:00,20250910
2025091018,2025-09-10-18:00,20250910
2025091024,2025-09-10-24:00,20250910
2025091106,2025-09-11-06:00,20250911
2025091112,2025-09-11-12:00,20250911
2025091118,2025-09-11-18:00,20250911
2025091124,2025-09-11-24:00,20250911
2025091206,2025-09-12-06:00,20250912
2025091212,2025-09-12-12:00,20250912
2025091218,2025-09-12-18:00,20250912
2025091224,2025-09-12-24:00,20250912
2025091306,2025-09-13-06:00,20250913
2025091312,2025-09-13-12:00,20250913
2025091318,2025-09-13-18:00,20250913
2025091324,2025-09-13-24:00,20250913
2025091406,2025-09-14-06:00,20250914
2025091412,2025-09-14-12:00,20250914
2025091418,2025-09-14-18:00,20250914
2025091424,2025-09-14-24:00,20250914
2025091506,2025-09-15-06:00,20250915
2025091512,2025-09-15-12:00,20250915
2025091518,2025-09-15-18:00,20250915
2025091524,2025-09-15-24:00,20250915
2025091606,2025-09-16-06:00,20250916
2025091612,2025-09-16-12:00,20250916
2025091618,2025-09-16-18:00,20250916
2025091624,2025-09-16-24:00,20250916
2025091706,2025-09-17-06:00,20250917
2025091712,2025-09-17-12:00,20250917
2025091718,2025-09-17-18:00,20250917
2025091724,2025-09-17-24:00,20250917
2025091806,2025-09-18-06:00,20250918
2025091812,2025-09-18-12:00,20250918
2025091818,2025-09-18-18:00,20250918
2025091824,2025-09-18-24:00,20250918
2025091906,2025-09-19-06:00,20250919
2025091912,2025-09-19-12:00,20250919
2025091918,2025-09-19-18:00,20250919
2025091924,2025-09-19-24:00,20250919
2025092006,2025-09-20-06:00,20250920
2025092012,2025-09-20-12:00,20250920
2025092018,2025-09-20-18:00,20250920
2025092024,2025-09-20-24:00,20250920
2025092106,2025-09-21-06:00,20250921
2025092112,2025-09-21-12:00,20250921
2025092118,2025-09-21-18:00,20250921
2025092124,2025-09-21-24:00,20250921
2025092206,2025-09-22-06:00,20250922
2025092212,2025-09-22-12:00,20250922
2025092218,2025-09-22-18:00,20250922
2025092224,2025-09-22-24:00,20250922
2025092306,2025-09-23-06:00,20250923
2025092312,2025-09-23-12:00,20250923
2025092318,2025-09-23-18:00,20250923
2025092324,2025-09-23-24:00,20250923
2025092406,2025-09-24-06:00,20250924
2025092412,2025-09-24-12:00,20250924
2025092418,2025-09-24-18:00,20250924
2025092424,2025-09-24-24:00,20250924
2025092506,2025-09-25-06:00,20250925
2025092512,2025-09-25-12:00,20250925
2025092518,2025-09-25-18:00,20250925
2025092524,2025-09-25-24:00,20250925
2025092606,2025-09-26-06:00,20250926
2025092612,2025-09-26-12:00,20250926
2025092618,2025-09-26-18:00,20250926
2025092624,2025-09-26-24:00,20250926
2025092706,2025-09-27-06:00,20250927
2025092712,2025-09-27-12:00,20250927
2025092718,2025-09-27-18:00,20250927
2025092724,2025-09-27-24:00,20250927
2025092806,2025-09-28-06:00,20250928
2025092812,2025-09-28-12:00,20250928
2025092818,2025-09-28-18:00,20250928
2025092824,2025-09-28-24:00,20250928
2025092906,2025-09-29-06:00,20250929
2025092912,2025-09-29-12:00,20250929
2025092918,2025-09-29-18:00,20250929
2025092924,2025-09-29-24:00,20250929
2025093006,2025-09-30-06:00,20250930
2025093012,2025-09-30-12:00,20250930
2025093018,2025-09-30-18:00,20250930
2025093024,2025-09-30-24:00,20250930
2025100106,2025-10-01-06:00,20251001
2025100112,2025-10-01-12:00,20251001
2025100118,2025-10-01-18:00,20251001
2025100124,2025-10-01-24:00,20251001
2025100206,2025-10-02-06:00,20251002
2025100212,2025-10-02-12:00,20251002
2025100218,2025-10-02-18:00,20251002
2025100224,2025-10-02-24:00,20251002
2025100306,2025-10-03-06:00,20251003
2025100312,2025-10-03-12:00,20251003
2025100318,2025-10-03-18:00,20251003
2025100324,2025-10-03-24:00,20251003
2025100406,2025-10-04-06:00,20251004
2025100412,2025-10-04-12:00,20251004
2025100418,2025-10-04-18:00,20251004
2025100424,2025-10-04-24:00,20251004
2025100506,2025-10-05-06:00,20251005
2025100512,2025-10-05-12:00,20251005
2025100518,2025-10-05-18:00,20251005
2025100524,2025-10-05-24:00,20251005
2025100606,2025-10-06-06:00,20251006
2025100612,2025-10-06-12:00,20251006
2025100618,2025-10-06-18:00,20251006
2025100624,2025-10-06-24:00,20251006
2025100706,2025-10-07-06:00,20251007
2025100712,2025-10-07-12:00,20251007
2025100718,2025-10-07-18:00,20251007
2025100724,2025-10-07-24:00,20251007
2025100806,2025-10-08-06:00,20251008
2025100812,2025-10-08-12:00,20251008
2025100818,2025-10-08-18:00,20251008
2025100824,2025-10-08-24:00,20251008
2025100906,2025-10-09-06:00,20251009
2025100912,2025-10-09-12:00,20251009
2025100918,2025-10-09-18:00,20251009
2025100924,2025-10-09-24:00,20251009
2025101006,2025-10-10-06:00,20251010
2025101012,2025-10-10-12:00,20251010
2025101018,2025-10-10-18:00,20251010
2025101024,2025-10-10-24:00,20251010
2025101106,2025-10-11-06:00,20251011
2025101112,2025-10-11-12:00,20251011
2025101118,2025-10-11-18:00,20251011
2025101124,2025-10-11-24:00,20251011
2025101206,2025-10-12-06:00,20251012
2025101212,2025-10-12-12:00,20251012
2025101218,2025-10-12-18:00,20251012
2025101224,2025-10-12-24:00,20251012
2025101306,2025-10-13-06:00,20251013
2025101312,2025-10-13-12:00,20251013
2025101318,2025-10-13-18:00,20251013
2025101324,2025-10-13-24:00,20251013
2025101406,2025-10-14-06:00,20251014
2025101412,2025-10-14-12:00,20251014
2025101418,2025-10-14-18:00,20251014
2025101424,2025-10-14-24:00,20251014
2025101506,2025-10-15-06:00,20251015
2025101512,2025-10-15-12:00,20251015
2025101518,2025-10-15-18:00,20251015
2025101524,2025-10-15-24:00,20251015
2025101606,2025-10-16-06:00,20251016
2025101612,2025-10-16-12:00,20251016
2025101618,2025-10-16-18:00,20251016
2025101624,2025-10-16-24:00,20251016
2025101706,2025-10-17-06:00,20251017
2025101712,2025-10-17-12:00,20251017
2025101718,2025-10-17-18:00,20251017
2025101724,2025-10-17-24:00,20251017
2025101806,2025-10-18-06:00,20251018
2025101812,2025-10-18-12:00,20251018
2025101818,2025-10-18-18:00,20251018
2025101824,2025-10-18-24:00,20251018
2025101906,2025-10-19-06:00,20251019
2025101912,2025-10-19-12:00,20251019
2025101918,2025-10-19-18:00,20251019
2025101924,2025-10-19-24:00,20251019
2025102006,2025-10-20-06:00,20251020
2025102012,2025-10-20-12:00,20251020
2025102018,2025-10-20-18:00,20251020
2025102024,2025-10-20-24:00,20251020
2025102106,2025-10-21-06:00,20251021
2025102112,2025-10-21-12:00,20251021
2025102118,2025-10-21-18:00,20251021
2025102124,2025-10-21-24:00,20251021
2025102206,2025-10-22-06:00,20251022
2025102212,2025-10-22-12:00,20251022
2025102218,2025-10-22-18:00,20251022
2025102224,2025-10-22-24:00,20251022
2025102306,2025-10-23-06:00,20251023
2025102312,2025-10-23-12:00,20251023
2025102318,2025-10-23-18:00,20251023
2025102324,2025-10-23-24:00,20251023
2025102406,2025-10-24-06:00,20251024
2025102412,2025-10-24-12:00,20251024
2025102418,2025-10-24-18:00,20251024
2025102424,2025-10-24-24:00,20251024
2025102506,2025-10-25-06:00,20251025
2025102512,2025-10-25-12:00,20251025
2025102518,2025-10-25-18:00,20251025
2025102524,2025-10-25-24:00,20251025
2025102606,2025-10-26-06:00,20251026
2025102612,2025-10-26-12:00,20251026
2025102618,2025-10-26-18:00,20251026
2025102624,2025-10-26-24:00,20251026
2025102706,2025-10-27-06:00,20251027
2025102712,2025-10-27-12:00,20251027
2025102718,2025-10-27-18:00,20251027
2025102724,2025-10-27-24:00,20251027
2025102806,2025-10-28-06:00,20251028
2025102812,2025-10-28-12:00,20251028
2025102818,2025-10-28-18:00,20251028
2025102824,2025-10-28-24:00,20251028
2025102906,2025-10-29-06:00,20251029
2025102912,2025-10-29-12:00,20251029
2025102918,2025-10-29-18:00,20251029
2025102924,2025-10-29-24:00,20251029
2025103006,2025-10-30-06:00,20251030
2025103012,2025-10-30-12:00,20251030
2025103018,2025-10-30-18:00,20251030
2025103024,2025-10-30-24:00,20251030
2025103106,2025-10-31-06:00,20251031
2025103112,2025-10-31-12:00,20251031
2025103118,2025-10-31-18:00,20251031
2025103124,2025-10-31-24:00,20251031
2025110106,2025-11-01-06:00,20251101
2025110112,2025-11-01-12:00,20251101
2025110118,2025-11-01-18:00,20251101
2025110124,2025-11-01-24:00,20251101
2025110206,2025-11-02-06:00,20251102
2025110212,2025-11-02-12:00,20251102
2025110218,2025-11-02-18:00,20251102
2025110224,2025-11-02-24:00,20251102
2025110306,2025-11-03-06:00,20251103
2025110312,2025-11-03-12:00,20251103
2025110318,2025-11-03-18:00,20251103
2025110324,2025-11-03-24:00,20251103
2025110406,2025-11-04-06:00,20251104
2025110412,2025-11-04-12:00,20251104
2025110418,2025-11-04-18:00,20251104
2025110424,2025-11-04-24:00,20251104
2025110506,2025-11-05-06:00,20251105
2025110512,2025-11-05-12:00,20251105
2025110518,2025-11-05-18:00,20251105
2025110524,2025-11-05-24:00,20251105
2025110606,2025-11-06-06:00,20251106
2025110612,2025-11-06-12:00,20251106
2025110618,2025-11-06-18:00,20251106
2025110624,2025-11-06-24:00,20251106
2025110706,2025-11-07-06:00,20251107
2025110712,2025-11-07-12:00,20251107
2025110718,2025-11-07-18:00,20251107
2025110724,2025-11-07-24:00,20251107
2025110806,2025-11-08-06:00,20251108
2025110812,2025-11-08-12:00,20251108
2025110818,2025-11-08-18:00,20251108
2025110824,2025-11-08-24:00,20251108
2025110906,2025-11-09-06:00,20251109
2025110912,2025-11-09-12:00,20251109
2025110918,2025-11-09-18:00,20251109
2025110924,2025-11-09-24:00,20251109
2025111006,2025-11-10-06:00,20251110
2025111012,2025-11-10-12:00,20251110
2025111018,2025-11-10-18:00,20251110
2025111024,2025-11-10-24:00,20251110
2025111106,2025-11-11-06:00,20251111
2025111112,2025-11-11-12:00,20251111
2025111118,2025-11-11-18:00,20251111
2025111124,2025-11-11-24:00,20251111
2025111206,2025-11-12-06:00,20251112
2025111212,2025-11-12-12:00,20251112
2025111218,2025-11-12-18:00,20251112
2025111224,2025-11-12-24:00,20251112
2025111306,2025-11-13-06:00,20251113
2025111312,2025-11-13-12:00,20251113
2025111318,2025-11-13-18:00,20251113
2025111324,2025-11-13-24:00,20251113
2025111406,2025-11-14-06:00,20251114
2025111412,2025-11-14-12:00,20251114
2025111418,2025-11-14-18:00,20251114
2025111424,2025-11-14-24:00,20251114
2025111506,2025-11-15-06:00,20251115
2025111512,2025-11-15-12:00,20251115
2025111518,2025-11-15-18:00,20251115
2025111524,2025-11-15-24:00,20251115
2025111606,2025-11-16-06:00,20251116
2025111612,2025-11-16-12:00,20251116
2025111618,2025-11-16-18:00,20251116
2025111624,2025-11-16-24:00,20251116
2025111706,2025-11-17-06:00,20251117
2025111712,2025-11-17-12:00,20251117
2025111718,2025-11-17-18:00,20251117
2025111724,2025-11-17-24:00,20251117
2025111806,2025-11-18-06:00,20251118
2025111812,2025-11-18-12:00,20251118
2025111818,2025-11-18-18:00,20251118
2025111824,2025-11-18-24:00,20251118
2025111906,2025-11-19-06:00,20251119
2025111912,2025-11-19-12:00,20251119
2025111918,2025-11-19-18:00,20251119
2025111924,2025-11-19-24:00,20251119
2025112006,2025-11-20-06:00,20251120
2025112012,2025-11-20-12:00,20251120
2025112018,2025-11-20-18:00,20251120
2025112024,2025-11-20-24:00,20251120
2025112106,2025-11-21-06:00,20251121
2025112112,2025-11-21-12:00,20251121
2025112118,2025-11-21-18:00,20251121
2025112124,2025-11-21-24:00,20251121
2025112206,2025-11-22-06:00,20251122
2025112212,2025-11-22-12:00,20251122
2025112218,2025-11-22-18:00,20251122
2025112224,2025-11-22-24:00,20251122
2025112306,2025-11-23-06:00,20251123
2025112312,2025-11-23-12:00,20251123
2025112318,2025-11-23-18:00,20251123
2025112324,2025-11-23-24:00,20251123
2025112406,2025-11-24-06:00,20251124
2025112412,2025-11-24-12:00,20251124
2025112418,2025-11-24-18:00,20251124
2025112424,2025-11-24-24:00,20251124
2025112506,2025-11-25-06:00,20251125
2025112512,2025-11-25-12:00,20251125
2025112518,2025-11-25-18:00,20251125
2025112524,2025-11-25-24:00,20251125
2025112606,2025-11-26-06:00,20251126
2025112612,2025-11-26-12:00,20251126
2025112618,2025-11-26-18:00,20251126
2025112624,2025-11-26-24:00,20251126
2025112706,2025-11-27-06:00,20251127
2025112712,2025-11-27-12:00,20251127
2025112718,2025-11-27-18:00,20251127
2025112724,2025-11-27-24:00,20251127
2025112806,2025-11-28-06:00,20251128
2025112812,2025-11-28-12:00,20251128
2025112818,2025-11-28-18:00,20251128
2025112824,2025-11-28-24:00,20251128
2025112906,2025-11-29-06:00,20251129
2025112912,2025-11-29-12:00,20251129
2025112918,2025-11-29-18:00,20251129
2025112924,2025-11-29-24:00,20251129
2025113006,2025-11-30-06:00,20251130
2025113012,2025-11-30-12:00,20251130
2025113018,2025-11-30-18:00,20251130
2025113024,2025-11-30-24:00,20251130
2025120106,2025-12-01-06:00,20251201
2025120112,2025-12-01-12:00,20251201
2025120118,2025-12-01-18:00,20251201
2025120124,2025-12-01-24:00,20251201
2025120206,2025-12-02-06:00,20251202
2025120212,2025-12-02-12:00,20251202
2025120218,2025-12-02-18:00,20251202
2025120224,2025-12-02-24:00,20251202
2025120306,2025-12-03-06:00,20251203
2025120312,2025-12-03-12:00,20251203
2025120318,2025-12-03-18:00,20251203
2025120324,2025-12-03-24:00,20251203
2025120406,2025-12-04-06:00,20251204
2025120412,2025-12-04-12:00,20251204
2025120418,2025-12-04-18:00,20251204
2025120424,2025-12-04-24:00,20251204
2025120506,2025-12-05-06:00,20251205
2025120512,2025-12-05-12:00,20251205
2025120518,2025-12-05-18:00,20251205
2025120524,2025-12-05-24:00,20251205
2025120606,2025-12-06-06:00,20251206
2025120612,2025-12-06-12:00,20251206
2025120618,2025-12-06-18:00,20251206
2025120624,2025-12-06-24:00,20251206
2025120706,2025-12-07-06:00,20251207
2025120712,2025-12-07-12:00,20251207
2025120718,2025-12-07-18:00,20251207
2025120724,2025-12-07-24:00,20251207
2025120806,2025-12-08-06:00,20251208
2025120812,2025-12-08-12:00,20251208
2025120818,2025-12-08-18:00,20251208
2025120824,2025-12-08-24:00,20251208
2025120906,2025-12-09-06:00,20251209
2025120912,2025-12-09-12:00,20251209
2025120918,2025-12-09-18:00,20251209
2025120924,2025-12-09-24:00,20251209
2025121006,2025-12-10-06:00,20251210
2025121012,2025-12-10-12:00,20251210
2025121018,2025-12-10-18:00,20251210
2025121024,2025-12-10-24:00,20251210
2025121106,2025-12-11-06:00,20251211
2025121112,2025-12-11-12:00,20251211
2025121118,2025-12-11-18:00,20251211
2025121124,2025-12-11-24:00,20251211
2025121206,2025-12-12-06:00,20251212
2025121212,2025-12-12-12:00,20251212
2025121218,2025-12-12-18:00,20251212
2025121224,2025-12-12-24:00,20251212
2025121306,2025-12-13-06:00,20251213
2025121312,2025-12-13-12:00,20251213
2025121318,2025-12-13-18:00,20251213
2025121324,2025-12-13-24:00,20251213
2025121406,2025-12-14-06:00,20251214
2025121412,2025-12-14-12:00,20251214
2025121418,2025-12-14-18:00,20251214
2025121424,2025-12-14-24:00,20251214
2025121506,2025-12-15-06:00,20251215
2025121512,2025-12-15-12:00,20251215
2025121518,2025-12-15-18:00,20251215
2025121524,2025-12-15-24:00,20251215
2025121606,2025-12-16-06:00,20251216
2025121612,2025-12-16-12:00,20251216
2025121618,2025-12-16-18:00,20251216
2025121624,2025-12-16-24:00,20251216
2025121706,2025-12-17-06:00,20251217
2025121712,2025-12-17-12:00,20251217
2025121718,2025-12-17-18:00,20251217
2025121724,2025-12-17-24:00,20251217
2025121806,2025-12-18-06:00,20251218
2025121812,2025-12-18-12:00,20251218
2025121818,2025-12-18-18:00,20251218
2025121824,2025-12-18-24:00,20251218
2025121906,2025-12-19-06:00,20251219
2025121912,2025-12-19-12:00,20251219
2025121918,2025-12-19-18:00,20251219
2025121924,2025-12-19-24:00,20251219
2025122006,2025-12-20-06:00,20251220
2025122012,2025-12-20-12:00,20251220
2025122018,2025-12-20-18:00,20251220
2025122024,2025-12-20-24:00,20251220
2025122106,2025-12-21-06:00,20251221
2025122112,2025-12-21-12:00,20251221
2025122118,2025-12-21-18:00,20251221
2025122124,2025-12-21-24:00,20251221
2025122206,2025-12-22-06:00,20251222
2025122212,2025-12-22-12:00,20251222
2025122218,2025-12-22-18:00,20251222
2025122224,2025-12-22-24:00,20251222
2025122306,2025-12-23-06:00,20251223
2025122312,2025-12-23-12:00,20251223
2025122318,2025-12-23-18:00,20251223
2025122324,2025-12-23-24:00,20251223
2025122406,2025-12-24-06:00,20251224
2025122412,2025-12-24-12:00,20251224
2025122418,2025-12-24-18:00,20251224
2025122424,2025-12-24-24:00,20251224
2025122506,2025-12-25-06:00,20251225
2025122512,2025-12-25-12:00,20251225
2025122518,2025-12-25-18:00,20251225
2025122524,2025-12-25-24:00,20251225
2025122606,2025-12-26-06:00,20251226
2025122612,2025-12-26-12:00,20251226
2025122618,2025-12-26-18:00,20251226
2025122624,2025-12-26-24:00,20251226
2025122706,2025-12-27-06:00,20251227
2025122712,2025-12-27-12:00,20251227
2025122718,2025-12-27-18:00,20251227
2025122724,2025-12-27-24:00,20251227
2025122806,2025-12-28-06:00,20251228
2025122812,2025-12-28-12:00,20251228
2025122818,2025-12-28-18:00,20251228
2025122824,2025-12-28-24:00,20251228
2025122906,2025-12-29-06:00,20251229
2025122912,2025-12-29-12:00,20251229
2025122918,2025-12-29-18:00,20251229
2025122924,2025-12-29-24:00,20251229
2025123006,2025-12-30-06:00,20251230
2025123012,2025-12-30-12:00,20251230
2025123018,2025-12-30-18:00,20251230
2025123024,2025-12-30-24:00,20251230
2025123106,2025-12-31-06:00,20251231
2025123112,2025-12-31-12:00,20251231
2025123118,2025-12-31-18:00,20251231
2025123124,2025-12-31-24:00,20251231
